Day,bitcoin,,in 8 month segments
4/14/2021,53,,
4/13/2021,48,,
4/12/2021,36,,
4/11/2021,34,,
4/10/2021,36,,
4/9/2021,31,,
4/8/2021,32,,
4/7/2021,36,,
4/6/2021,35,,
4/5/2021,36,,
4/4/2021,35,,
4/3/2021,36,,
4/2/2021,37,,
4/1/2021,42,,
3/31/2021,39,,
3/30/2021,40,,
3/29/2021,37,,
3/28/2021,33,,
3/27/2021,37,,
3/26/2021,38,,
3/25/2021,46,,
3/24/2021,42,,
3/23/2021,37,,
3/22/2021,38,,
3/21/2021,36,,
3/20/2021,35,,
3/19/2021,37,,
3/18/2021,42,,
3/17/2021,42,,
3/16/2021,44,,
3/15/2021,49,,
3/14/2021,54,,
3/13/2021,56,,
3/12/2021,43,,
3/11/2021,44,,
3/10/2021,46,,
3/9/2021,47,,
3/8/2021,40,,
3/7/2021,39,,
3/6/2021,35,,
3/5/2021,41,,
3/4/2021,42,,
3/3/2021,44,,
3/2/2021,45,,
3/1/2021,52,,
2/28/2021,52,,
2/27/2021,47,,
2/26/2021,58,,
2/25/2021,56,,
2/24/2021,71,,
2/23/2021,94,,
2/22/2021,74,,
2/21/2021,66,,
2/20/2021,76,,
2/19/2021,66,,
2/18/2021,61,,
2/17/2021,68,,
2/16/2021,61,,
2/15/2021,51,,
2/14/2021,53,,
2/13/2021,48,,
2/12/2021,56,,
2/11/2021,58,,
2/10/2021,64,,
2/9/2021,97,,
2/8/2021,80,,
2/7/2021,37,,
2/6/2021,41,,
2/5/2021,34,,
2/4/2021,37,,
2/3/2021,35,,
2/2/2021,34,,
2/1/2021,37,,
1/31/2021,35,,
1/30/2021,44,,
1/29/2021,64,,
1/28/2021,39,,
1/27/2021,38,,
1/26/2021,35,,
1/25/2021,37,,
1/24/2021,36,,
1/23/2021,38,,
1/22/2021,54,,
1/21/2021,50,,
1/20/2021,41,,
1/19/2021,43,,
1/18/2021,42,,
1/17/2021,45,,
1/16/2021,48,,
1/15/2021,57,,
1/14/2021,65,,
1/13/2021,65,,
1/12/2021,77,,
1/11/2021,100,,
1/10/2021,66,,
1/9/2021,68,,
1/8/2021,89,,
1/7/2021,88,,
1/6/2021,61,,
1/5/2021,53,,
1/4/2021,65,,
1/3/2021,79,,
1/2/2021,65,,
1/1/2021,37,,
12/31/2020,41,,
12/30/2020,41,,
12/29/2020,35,,
12/28/2020,41,,
12/27/2020,52,,
12/26/2020,37,,
12/25/2020,28,,
12/24/2020,23,,
12/23/2020,26,,
12/22/2020,27,,
12/21/2020,32,,
12/20/2020,30,,
12/19/2020,32,,
12/18/2020,35,,
12/17/2020,54,,
12/16/2020,33,,
12/15/2020,17,,
12/14/2020,17,,
12/13/2020,17,,
12/12/2020,15,,
12/11/2020,17,,
12/10/2020,16,,
12/9/2020,18,,
12/8/2020,18,,
12/7/2020,18,,
12/6/2020,17,,
12/5/2020,18,,
12/4/2020,21,,
12/3/2020,21,,
12/2/2020,21,,
12/1/2020,28,,
11/30/2020,27,,
11/29/2020,19,,
11/28/2020,20,,
11/27/2020,23,,
11/26/2020,30,,
11/25/2020,28,,
11/24/2020,29,,
11/23/2020,23,,
11/22/2020,23,,
11/21/2020,26,,
11/20/2020,25,,
11/19/2020,24,,
11/18/2020,30,,
11/17/2020,24,,
11/16/2020,19,,
11/15/2020,14,,
11/14/2020,15,,
11/13/2020,18,,
11/12/2020,17,,
11/11/2020,16,,
11/10/2020,15,,
11/9/2020,17,,
11/8/2020,16,,
11/7/2020,17,,
11/6/2020,23,,
11/5/2020,20,,
11/4/2020,13,,
11/3/2020,13,,
11/2/2020,14,,
11/1/2020,13,,
10/31/2020,14,,
10/30/2020,14,,
10/29/2020,15,,
10/28/2020,17,,
10/27/2020,16,,
10/26/2020,14,,
10/25/2020,13,,
10/24/2020,13,,
10/23/2020,15,,
10/22/2020,20,,
10/21/2020,18,,
10/20/2020,11,,
10/19/2020,10,,
10/18/2020,9,,
10/17/2020,9,,
10/16/2020,10,,
10/15/2020,10,,
10/14/2020,10,,
10/13/2020,10,,
10/12/2020,11,,
10/11/2020,9,,
10/10/2020,11,,
10/9/2020,9,,
10/8/2020,9,,
10/7/2020,9,,
10/6/2020,9,,
10/5/2020,9,,
10/4/2020,9,,
10/3/2020,8,,
10/2/2020,9,,
10/1/2020,9,,
9/30/2020,9,,
9/29/2020,10,,
9/28/2020,9,,
9/27/2020,9,,
9/26/2020,9,,
9/25/2020,9,,
9/24/2020,10,,
9/23/2020,10,,
9/22/2020,10,,
9/21/2020,10,,
9/20/2020,10,,
9/19/2020,9,,
9/18/2020,10,,
9/17/2020,10,,
9/16/2020,11,,
9/15/2020,11,,
9/14/2020,11,,
9/13/2020,10,,
9/12/2020,10,,
9/11/2020,11,,
9/10/2020,11,,
9/9/2020,11,,
9/8/2020,12,,
9/7/2020,12,,
9/6/2020,12,,
9/5/2020,14,,
9/4/2020,14,,
9/3/2020,14,,
9/2/2020,13,,
9/1/2020,12,,
8/31/2020,11,,
8/30/2020,11,,
8/29/2020,11,,
8/28/2020,12,,
8/27/2020,12,,
8/26/2020,11,,
8/25/2020,12,,
8/24/2020,12,,
8/23/2020,11,,
8/22/2020,12,,
8/21/2020,13,,
8/20/2020,13,,
8/19/2020,14,,
8/18/2020,15,,
8/17/2020,15,,
8/16/2020,13,,end first segment
8/15/2020,36,,
8/14/2020,38,,
8/13/2020,40,,
8/12/2020,37,,
8/11/2020,42,,
8/10/2020,44,,
8/9/2020,40,,
8/8/2020,40,,
8/7/2020,45,,
8/6/2020,45,,
8/5/2020,44,,
8/4/2020,42,,
8/3/2020,46,,
8/2/2020,53,,
8/1/2020,53,,
7/31/2020,43,,
7/30/2020,43,,
7/29/2020,46,,
7/28/2020,60,,
7/27/2020,57,,
7/26/2020,40,,
7/25/2020,33,,
7/24/2020,29,,
7/23/2020,32,,
7/22/2020,30,,
7/21/2020,32,,
7/20/2020,28,,
7/19/2020,29,,
7/18/2020,44,,
7/17/2020,31,,
7/16/2020,43,,
7/15/2020,34,,
7/14/2020,31,,
7/13/2020,29,,
7/12/2020,27,,
7/11/2020,27,,
7/10/2020,29,,
7/9/2020,30,,
7/8/2020,32,,
7/7/2020,29,,
7/6/2020,30,,
7/5/2020,27,,
7/4/2020,27,,
7/3/2020,30,,
7/2/2020,30,,
7/1/2020,30,,
6/30/2020,31,,
6/29/2020,30,,
6/28/2020,32,,
6/27/2020,31,,
6/26/2020,31,,
6/25/2020,32,,
6/24/2020,31,,
6/23/2020,34,,
6/22/2020,31,,
6/21/2020,25,,
6/20/2020,29,,
6/19/2020,29,,
6/18/2020,32,,
6/17/2020,31,,
6/16/2020,35,,
6/15/2020,35,,
6/14/2020,31,,
6/13/2020,30,,
6/12/2020,33,,
6/11/2020,39,,
6/10/2020,34,,
6/9/2020,34,,
6/8/2020,33,,
6/7/2020,33,,
6/6/2020,33,,
6/5/2020,36,,
6/4/2020,37,,
6/3/2020,39,,
6/2/2020,48,,
6/1/2020,36,,
5/31/2020,35,,
5/30/2020,34,,
5/29/2020,36,,
5/28/2020,36,,
5/27/2020,38,,
5/26/2020,37,,
5/25/2020,41,,
5/24/2020,37,,
5/23/2020,35,,
5/22/2020,42,,
5/21/2020,44,,
5/20/2020,43,,
5/19/2020,44,,
5/18/2020,47,,
5/17/2020,48,,
5/16/2020,45,,
5/15/2020,50,,
5/14/2020,56,,
5/13/2020,55,,
5/12/2020,67,,
5/11/2020,88,,
5/10/2020,76,,
5/9/2020,59,,
5/8/2020,71,,
5/7/2020,64,,
5/6/2020,51,,
5/5/2020,44,,
5/4/2020,46,,
5/3/2020,48,,
5/2/2020,46,,
5/1/2020,50,,
4/30/2020,61,,
4/29/2020,56,,
4/28/2020,38,,
4/27/2020,40,,
4/26/2020,40,,
4/25/2020,38,,
4/24/2020,40,,
4/23/2020,39,,
4/22/2020,35,,
4/21/2020,34,,
4/20/2020,36,,
4/19/2020,36,,
4/18/2020,35,,
4/17/2020,35,,
4/16/2020,38,,
4/15/2020,35,,
4/14/2020,36,,
4/13/2020,39,,
4/12/2020,36,,
4/11/2020,36,,
4/10/2020,41,,
4/9/2020,37,,
4/8/2020,36,,
4/7/2020,41,,
4/6/2020,40,,
4/5/2020,34,,
4/4/2020,36,,
4/3/2020,38,,
4/2/2020,40,,
4/1/2020,36,,
3/31/2020,34,,
3/30/2020,40,,
3/29/2020,38,,
3/28/2020,40,,
3/27/2020,40,,
3/26/2020,39,,
3/25/2020,45,,
3/24/2020,51,,
3/23/2020,51,,
3/22/2020,47,,
3/21/2020,51,,
3/20/2020,60,,
3/19/2020,60,,
3/18/2020,57,,
3/17/2020,59,,
3/16/2020,71,,
3/15/2020,57,,
3/14/2020,63,,
3/13/2020,100,,
3/12/2020,76,,
3/11/2020,35,,
3/10/2020,41,,
3/9/2020,53,,
3/8/2020,31,,
3/7/2020,28,,
3/6/2020,33,,
3/5/2020,32,,
3/4/2020,32,,
3/3/2020,31,,
3/2/2020,31,,
3/1/2020,29,,
2/29/2020,32,,
2/28/2020,37,,
2/27/2020,36,,
2/26/2020,35,,
2/25/2020,34,,
2/24/2020,33,,
2/23/2020,28,,
2/22/2020,27,,
2/21/2020,34,,
2/20/2020,37,,
2/19/2020,35,,
2/18/2020,34,,
2/17/2020,33,,
2/16/2020,32,,
2/15/2020,32,,
2/14/2020,35,,
2/13/2020,38,,
2/12/2020,43,,
2/11/2020,37,,
2/10/2020,37,,
2/9/2020,40,,
2/8/2020,31,,
2/7/2020,33,,
2/6/2020,35,,
2/5/2020,32,,
2/4/2020,30,,
2/3/2020,30,,
2/2/2020,30,,
2/1/2020,29,,
1/31/2020,33,,
1/30/2020,33,,
1/29/2020,35,,
1/28/2020,33,,
1/27/2020,28,,
1/26/2020,25,,
1/25/2020,26,,
1/24/2020,29,,
1/23/2020,28,,
1/22/2020,28,,
1/21/2020,31,,
1/20/2020,32,,
1/19/2020,33,,
1/18/2020,30,,
1/17/2020,34,,
1/16/2020,32,,
1/15/2020,37,,
1/14/2020,40,,
1/13/2020,27,,
1/12/2020,26,,
1/11/2020,27,,
1/10/2020,32,,
1/9/2020,32,,
1/8/2020,40,,
1/7/2020,36,,
1/6/2020,31,,
1/5/2020,27,,
1/4/2020,28,,
1/3/2020,29,,
1/2/2020,28,,
1/1/2020,24,,
12/31/2019,22,,
12/30/2019,26,,
12/29/2019,24,,
12/28/2019,24,,
12/27/2019,26,,
12/26/2019,26,,
12/25/2019,23,,
12/24/2019,26,,
12/23/2019,30,,
12/22/2019,23,,
12/21/2019,24,,
12/20/2019,25,,
12/19/2019,30,,
12/18/2019,32,,
12/17/2019,31,,
12/16/2019,26,,end second segment
12/15/2019,20,,
12/14/2019,22,,
12/13/2019,22,,
12/12/2019,23,,
12/11/2019,23,,
12/10/2019,21,,
12/9/2019,21,,
12/8/2019,19,,
12/7/2019,20,,
12/6/2019,22,,
12/5/2019,23,,
12/4/2019,23,,
12/3/2019,23,,
12/2/2019,23,,
12/1/2019,22,,
11/30/2019,21,,
11/29/2019,23,,
11/28/2019,24,,
11/27/2019,27,,
11/26/2019,27,,
11/25/2019,33,,
11/24/2019,24,,
11/23/2019,27,,
11/22/2019,32,,
11/21/2019,28,,
11/20/2019,22,,
11/19/2019,22,,
11/18/2019,23,,
11/17/2019,20,,
11/16/2019,20,,
11/15/2019,22,,
11/14/2019,21,,
11/13/2019,23,,
11/12/2019,22,,
11/11/2019,22,,
11/10/2019,20,,
11/9/2019,20,,
11/8/2019,24,,
11/7/2019,23,,
11/6/2019,25,,
11/5/2019,27,,
11/4/2019,24,,
11/3/2019,20,,
11/2/2019,22,,
11/1/2019,25,,
10/31/2019,24,,
10/30/2019,26,,
10/29/2019,29,,
10/28/2019,32,,
10/27/2019,30,,
10/26/2019,42,,
10/25/2019,30,,
10/24/2019,27,,
10/23/2019,28,,
10/22/2019,21,,
10/21/2019,24,,
10/20/2019,19,,
10/19/2019,20,,
10/18/2019,22,,
10/17/2019,24,,
10/16/2019,24,,
10/15/2019,24,,
10/14/2019,23,,
10/13/2019,21,,
10/12/2019,20,,
10/11/2019,23,,
10/10/2019,25,,
10/9/2019,23,,
10/8/2019,25,,
10/7/2019,26,,
10/6/2019,21,,
10/5/2019,22,,
10/4/2019,23,,
10/3/2019,26,,
10/2/2019,26,,
10/1/2019,29,,
9/30/2019,29,,
9/29/2019,26,,
9/28/2019,25,,
9/27/2019,34,,
9/26/2019,36,,
9/25/2019,40,,
9/24/2019,34,,
9/23/2019,24,,
9/22/2019,21,,
9/21/2019,20,,
9/20/2019,22,,
9/19/2019,25,,
9/18/2019,23,,
9/17/2019,22,,
9/16/2019,25,,
9/15/2019,20,,
9/14/2019,21,,
9/13/2019,25,,
9/12/2019,25,,
9/11/2019,24,,
9/10/2019,24,,
9/9/2019,26,,
9/8/2019,23,,
9/7/2019,24,,
9/6/2019,28,,
9/5/2019,27,,
9/4/2019,29,,
9/3/2019,33,,
9/2/2019,30,,
9/1/2019,24,,
8/31/2019,25,,
8/30/2019,29,,
8/29/2019,32,,
8/28/2019,31,,
8/27/2019,30,,
8/26/2019,30,,
8/25/2019,25,,
8/24/2019,25,,
8/23/2019,29,,
8/22/2019,30,,
8/21/2019,33,,
8/20/2019,31,,
8/19/2019,33,,
8/18/2019,27,,
8/17/2019,28,,
8/16/2019,32,,
8/15/2019,37,,
8/14/2019,35,,
8/13/2019,33,,
8/12/2019,33,,
8/11/2019,29,,
8/10/2019,30,,
8/9/2019,32,,
8/8/2019,35,,
8/7/2019,38,,
8/6/2019,42,,
8/5/2019,43,,
8/4/2019,29,,
8/3/2019,30,,
8/2/2019,32,,
8/1/2019,30,,
7/31/2019,32,,
7/30/2019,30,,
7/29/2019,32,,
7/28/2019,28,,
7/27/2019,31,,
7/26/2019,33,,
7/25/2019,35,,
7/24/2019,34,,
7/23/2019,35,,
7/22/2019,33,,
7/21/2019,31,,
7/20/2019,31,,
7/19/2019,37,,
7/18/2019,43,,
7/17/2019,47,,
7/16/2019,46,,
7/15/2019,42,,
7/14/2019,34,,
7/13/2019,33,,
7/12/2019,42,,
7/11/2019,42,,
7/10/2019,47,,
7/9/2019,43,,
7/8/2019,39,,
7/7/2019,31,,
7/6/2019,35,,
7/5/2019,39,,
7/4/2019,43,,
7/3/2019,44,,
7/2/2019,52,,
7/1/2019,49,,
6/30/2019,42,,
6/29/2019,50,,
6/28/2019,64,,
6/27/2019,84,,
6/26/2019,100,,
6/25/2019,56,,
6/24/2019,51,,
6/23/2019,49,,
6/22/2019,72,,
6/21/2019,44,,
6/20/2019,35,,
6/19/2019,35,,
6/18/2019,38,,
6/17/2019,40,,
6/16/2019,37,,
6/15/2019,31,,
6/14/2019,29,,
6/13/2019,26,,
6/12/2019,28,,
6/11/2019,28,,
6/10/2019,29,,
6/9/2019,26,,
6/8/2019,25,,
6/7/2019,31,,
6/6/2019,29,,
6/5/2019,31,,
6/4/2019,38,,
6/3/2019,32,,
6/2/2019,29,,
6/1/2019,29,,
5/31/2019,36,,
5/30/2019,38,,
5/29/2019,37,,
5/28/2019,40,,
5/27/2019,44,,
5/26/2019,30,,
5/25/2019,28,,
5/24/2019,31,,
5/23/2019,33,,
5/22/2019,35,,
5/21/2019,38,,
5/20/2019,40,,
5/19/2019,36,,
5/18/2019,34,,
5/17/2019,44,,
5/16/2019,46,,
5/15/2019,49,,
5/14/2019,61,,
5/13/2019,53,,
5/12/2019,45,,
5/11/2019,43,,
5/10/2019,32,,
5/9/2019,31,,
5/8/2019,27,,
5/7/2019,27,,
5/6/2019,24,,
5/5/2019,24,,
5/4/2019,23,,
5/3/2019,29,,
5/2/2019,21,,
5/1/2019,21,,
4/30/2019,21,,
4/29/2019,21,,
4/28/2019,20,,
4/27/2019,19,,
4/26/2019,25,,
4/25/2019,24,,
4/24/2019,26,,
4/23/2019,31,,
4/22/2019,23,,
4/21/2019,21,,
4/20/2019,22,,
4/19/2019,22,,
4/18/2019,21,,
4/17/2019,22,,
4/16/2019,22,,end third segment
4/15/2019,46,,
4/14/2019,35,,
4/13/2019,38,,
4/12/2019,44,,
4/11/2019,51,,
4/10/2019,47,,
4/9/2019,52,,
4/8/2019,54,,
4/7/2019,45,,
4/6/2019,45,,
4/5/2019,50,,
4/4/2019,67,,
4/3/2019,88,,
4/2/2019,83,,
4/1/2019,37,,
3/31/2019,29,,
3/30/2019,30,,
3/29/2019,35,,
3/28/2019,33,,
3/27/2019,35,,
3/26/2019,34,,
3/25/2019,33,,
3/24/2019,31,,
3/23/2019,30,,
3/22/2019,35,,
3/21/2019,37,,
3/20/2019,34,,
3/19/2019,37,,
3/18/2019,34,,
3/17/2019,30,,
3/16/2019,34,,
3/15/2019,30,,
3/14/2019,29,,
3/13/2019,30,,
3/12/2019,33,,
3/11/2019,32,,
3/10/2019,31,,
3/9/2019,33,,
3/8/2019,33,,
3/7/2019,34,,
3/6/2019,38,,
3/5/2019,38,,
3/4/2019,36,,
3/3/2019,30,,
3/2/2019,30,,
3/1/2019,34,,
2/28/2019,33,,
2/27/2019,35,,
2/26/2019,38,,
2/25/2019,39,,
2/24/2019,44,,
2/23/2019,40,,
2/22/2019,38,,
2/21/2019,37,,
2/20/2019,41,,
2/19/2019,45,,
2/18/2019,43,,
2/17/2019,31,,
2/16/2019,30,,
2/15/2019,33,,
2/14/2019,35,,
2/13/2019,36,,
2/12/2019,34,,
2/11/2019,36,,
2/10/2019,34,,
2/9/2019,38,,
2/8/2019,39,,
2/7/2019,40,,
2/6/2019,40,,
2/5/2019,45,,
2/4/2019,40,,
2/3/2019,30,,
2/2/2019,31,,
2/1/2019,37,,
1/31/2019,37,,
1/30/2019,34,,
1/29/2019,37,,
1/28/2019,41,,
1/27/2019,32,,
1/26/2019,32,,
1/25/2019,35,,
1/24/2019,34,,
1/23/2019,33,,
1/22/2019,36,,
1/21/2019,37,,
1/20/2019,32,,
1/19/2019,33,,
1/18/2019,35,,
1/17/2019,38,,
1/16/2019,38,,
1/15/2019,39,,
1/14/2019,43,,
1/13/2019,38,,
1/12/2019,36,,
1/11/2019,40,,
1/10/2019,54,,
1/9/2019,42,,
1/8/2019,43,,
1/7/2019,42,,
1/6/2019,40,,
1/5/2019,39,,
1/4/2019,48,,
1/3/2019,44,,
1/2/2019,45,,
1/1/2019,39,,
12/31/2018,43,,
12/30/2018,43,,
12/29/2018,40,,
12/28/2018,47,,
12/27/2018,47,,
12/26/2018,50,,
12/25/2018,51,,
12/24/2018,52,,
12/23/2018,43,,
12/22/2018,48,,
12/21/2018,54,,
12/20/2018,59,,
12/19/2018,60,,
12/18/2018,53,,
12/17/2018,54,,
12/16/2018,46,,
12/15/2018,50,,
12/14/2018,56,,
12/13/2018,52,,
12/12/2018,49,,
12/11/2018,50,,
12/10/2018,50,,
12/9/2018,49,,
12/8/2018,50,,
12/7/2018,73,,
12/6/2018,58,,
12/5/2018,52,,
12/4/2018,56,,
12/3/2018,56,,
12/2/2018,43,,
12/1/2018,48,,
11/30/2018,55,,
11/29/2018,58,,
11/28/2018,71,,
11/27/2018,70,,
11/26/2018,81,,
11/25/2018,80,,
11/24/2018,55,,
11/23/2018,59,,
11/22/2018,57,,
11/21/2018,78,,
11/20/2018,100,,
11/19/2018,70,,
11/18/2018,40,,
11/17/2018,44,,
11/16/2018,54,,
11/15/2018,67,,
11/14/2018,60,,
11/13/2018,38,,
11/12/2018,38,,
11/11/2018,31,,
11/10/2018,30,,
11/9/2018,39,,
11/8/2018,37,,
11/7/2018,39,,
11/6/2018,40,,
11/5/2018,42,,
11/4/2018,37,,
11/3/2018,31,,
11/2/2018,37,,
11/1/2018,39,,
10/31/2018,38,,
10/30/2018,36,,
10/29/2018,38,,
10/28/2018,30,,
10/27/2018,32,,
10/26/2018,36,,
10/25/2018,38,,
10/24/2018,42,,
10/23/2018,39,,
10/22/2018,37,,
10/21/2018,34,,
10/20/2018,32,,
10/19/2018,36,,
10/18/2018,41,,
10/17/2018,41,,
10/16/2018,40,,
10/15/2018,47,,
10/14/2018,36,,
10/13/2018,33,,
10/12/2018,43,,
10/11/2018,52,,
10/10/2018,41,,
10/9/2018,38,,
10/8/2018,35,,
10/7/2018,30,,
10/6/2018,34,,
10/5/2018,38,,
10/4/2018,39,,
10/3/2018,41,,
10/2/2018,37,,
10/1/2018,40,,
9/30/2018,37,,
9/29/2018,34,,
9/28/2018,42,,
9/27/2018,44,,
9/26/2018,41,,
9/25/2018,42,,
9/24/2018,40,,
9/23/2018,40,,
9/22/2018,43,,
9/21/2018,46,,
9/20/2018,46,,
9/19/2018,43,,
9/18/2018,44,,
9/17/2018,46,,
9/16/2018,40,,
9/15/2018,39,,
9/14/2018,46,,
9/13/2018,52,,
9/12/2018,53,,
9/11/2018,47,,
9/10/2018,49,,
9/9/2018,44,,
9/8/2018,44,,
9/7/2018,53,,
9/6/2018,64,,
9/5/2018,60,,
9/4/2018,49,,
9/3/2018,48,,
9/2/2018,41,,
9/1/2018,43,,
8/31/2018,42,,
8/30/2018,51,,
8/29/2018,52,,
8/28/2018,51,,
8/27/2018,46,,
8/26/2018,40,,
8/25/2018,43,,
8/24/2018,44,,
8/23/2018,46,,
8/22/2018,53,,
8/21/2018,49,,
8/20/2018,46,,
8/19/2018,41,,
8/18/2018,40,,
8/17/2018,52,,
8/16/2018,54,,end fourth segment
8/15/2018,7,,
8/14/2018,8,,
8/13/2018,6,,
8/12/2018,6,,
8/11/2018,7,,
8/10/2018,6,,
8/9/2018,7,,
8/8/2018,8,,
8/7/2018,6,,
8/6/2018,6,,
8/5/2018,6,,
8/4/2018,7,,
8/3/2018,6,,
8/2/2018,6,,
8/1/2018,7,,
7/31/2018,7,,
7/30/2018,6,,
7/29/2018,6,,
7/28/2018,6,,
7/27/2018,7,,
7/26/2018,7,,
7/25/2018,8,,
7/24/2018,10,,
7/23/2018,7,,
7/22/2018,6,,
7/21/2018,6,,
7/20/2018,6,,
7/19/2018,7,,
7/18/2018,8,,
7/17/2018,8,,
7/16/2018,6,,
7/15/2018,5,,
7/14/2018,5,,
7/13/2018,6,,
7/12/2018,6,,
7/11/2018,6,,
7/10/2018,6,,
7/9/2018,6,,
7/8/2018,5,,
7/7/2018,5,,
7/6/2018,5,,
7/5/2018,6,,
7/4/2018,6,,
7/3/2018,6,,
7/2/2018,7,,
7/1/2018,5,,
6/30/2018,7,,
6/29/2018,8,,
6/28/2018,6,,
6/27/2018,6,,
6/26/2018,6,,
6/25/2018,6,,
6/24/2018,7,,
6/23/2018,6,,
6/22/2018,7,,
6/21/2018,6,,
6/20/2018,7,,
6/19/2018,6,,
6/18/2018,7,,
6/17/2018,6,,
6/16/2018,6,,
6/15/2018,6,,
6/14/2018,7,,
6/13/2018,8,,
6/12/2018,8,,
6/11/2018,10,,
6/10/2018,7,,
6/9/2018,5,,
6/8/2018,6,,
6/7/2018,6,,
6/6/2018,6,,
6/5/2018,6,,
6/4/2018,6,,
6/3/2018,6,,
6/2/2018,5,,
6/1/2018,6,,
5/31/2018,6,,
5/30/2018,7,,
5/29/2018,7,,
5/28/2018,7,,
5/27/2018,6,,
5/26/2018,6,,
5/25/2018,7,,
5/24/2018,8,,
5/23/2018,8,,
5/22/2018,6,,
5/21/2018,6,,
5/20/2018,6,,
5/19/2018,6,,
5/18/2018,7,,
5/17/2018,7,,
5/16/2018,7,,
5/15/2018,7,,
5/14/2018,8,,
5/13/2018,6,,
5/12/2018,7,,
5/11/2018,9,,
5/10/2018,7,,
5/9/2018,7,,
5/8/2018,7,,
5/7/2018,8,,
5/6/2018,7,,
5/5/2018,8,,
5/4/2018,8,,
5/3/2018,8,,
5/2/2018,7,,
5/1/2018,7,,
4/30/2018,8,,
4/29/2018,7,,
4/28/2018,7,,
4/27/2018,8,,
4/26/2018,8,,
4/25/2018,10,,
4/24/2018,10,,
4/23/2018,9,,
4/22/2018,8,,
4/21/2018,8,,
4/20/2018,9,,
4/19/2018,9,,
4/18/2018,9,,
4/17/2018,8,,
4/16/2018,9,,
4/15/2018,8,,
4/14/2018,8,,
4/13/2018,11,,
4/12/2018,11,,
4/11/2018,9,,
4/10/2018,10,,
4/9/2018,10,,
4/8/2018,8,,
4/7/2018,8,,
4/6/2018,11,,
4/5/2018,10,,
4/4/2018,10,,
4/3/2018,11,,
4/2/2018,11,,
4/1/2018,11,,
3/31/2018,10,,
3/30/2018,13,,
3/29/2018,12,,
3/28/2018,10,,
3/27/2018,10,,
3/26/2018,12,,
3/25/2018,9,,
3/24/2018,8,,
3/23/2018,10,,
3/22/2018,10,,
3/21/2018,11,,
3/20/2018,11,,
3/19/2018,12,,
3/18/2018,12,,
3/17/2018,10,,
3/16/2018,11,,
3/15/2018,14,,
3/14/2018,12,,
3/13/2018,11,,
3/12/2018,11,,
3/11/2018,11,,
3/10/2018,10,,
3/9/2018,14,,
3/8/2018,12,,
3/7/2018,13,,
3/6/2018,12,,
3/5/2018,11,,
3/4/2018,9,,
3/3/2018,10,,
3/2/2018,11,,
3/1/2018,11,,
2/28/2018,12,,
2/27/2018,13,,
2/26/2018,12,,
2/25/2018,11,,
2/24/2018,12,,
2/23/2018,14,,
2/22/2018,15,,
2/21/2018,16,,
2/20/2018,17,,
2/19/2018,15,,
2/18/2018,16,,
2/17/2018,15,,
2/16/2018,16,,
2/15/2018,18,,
2/14/2018,17,,
2/13/2018,16,,
2/12/2018,18,,
2/11/2018,16,,
2/10/2018,17,,
2/9/2018,21,,
2/8/2018,24,,
2/7/2018,29,,
2/6/2018,48,,
2/5/2018,36,,
2/4/2018,21,,
2/3/2018,24,,
2/2/2018,37,,
2/1/2018,28,,
1/31/2018,21,,
1/30/2018,20,,
1/29/2018,19,,
1/28/2018,18,,
1/27/2018,18,,
1/26/2018,23,,
1/25/2018,22,,
1/24/2018,23,,
1/23/2018,26,,
1/22/2018,26,,
1/21/2018,23,,
1/20/2018,23,,
1/19/2018,29,,
1/18/2018,42,,
1/17/2018,58,,
1/16/2018,43,,
1/15/2018,22,,
1/14/2018,22,,
1/13/2018,24,,
1/12/2018,27,,
1/11/2018,33,,
1/10/2018,27,,
1/9/2018,27,,
1/8/2018,29,,
1/7/2018,26,,
1/6/2018,26,,
1/5/2018,28,,
1/4/2018,30,,
1/3/2018,31,,
1/2/2018,32,,
1/1/2018,26,,
12/31/2017,28,,
12/30/2017,32,,
12/29/2017,34,,
12/28/2017,38,,
12/27/2017,38,,
12/26/2017,40,,
12/25/2017,40,,
12/24/2017,45,,
12/23/2017,61,,
12/22/2017,100,,
12/21/2017,53,,
12/20/2017,69,,
12/19/2017,50,,
12/18/2017,47,,
12/17/2017,45,,
12/16/2017,41,,end fifth segment
12/15/2017,45,,
12/14/2017,51,,
12/13/2017,58,,
12/12/2017,65,,
12/11/2017,68,,
12/10/2017,60,,
12/9/2017,62,,
12/8/2017,94,,
12/7/2017,100,,
12/6/2017,51,,
12/5/2017,38,,
12/4/2017,37,,
12/3/2017,32,,
12/2/2017,31,,
12/1/2017,41,,
11/30/2017,54,,
11/29/2017,68,,
11/28/2017,40,,
11/27/2017,35,,
11/26/2017,25,,
11/25/2017,17,,
11/24/2017,17,,
11/23/2017,18,,
11/22/2017,19,,
11/21/2017,22,,
11/20/2017,21,,
11/19/2017,16,,
11/18/2017,17,,
11/17/2017,21,,
11/16/2017,20,,
11/15/2017,19,,
11/14/2017,18,,
11/13/2017,23,,
11/12/2017,27,,
11/11/2017,21,,
11/10/2017,21,,
11/9/2017,18,,
11/8/2017,19,,
11/7/2017,17,,
11/6/2017,18,,
11/5/2017,17,,
11/4/2017,18,,
11/3/2017,22,,
11/2/2017,27,,
11/1/2017,20,,
10/31/2017,16,,
10/30/2017,14,,
10/29/2017,12,,
10/28/2017,11,,
10/27/2017,13,,
10/26/2017,14,,
10/25/2017,14,,
10/24/2017,16,,
10/23/2017,15,,
10/22/2017,13,,
10/21/2017,16,,
10/20/2017,14,,
10/19/2017,12,,
10/18/2017,12,,
10/17/2017,13,,
10/16/2017,13,,
10/15/2017,13,,
10/14/2017,14,,
10/13/2017,20,,
10/12/2017,16,,
10/11/2017,10,,
10/10/2017,10,,
10/9/2017,10,,
10/8/2017,8,,
10/7/2017,8,,
10/6/2017,8,,
10/5/2017,8,,
10/4/2017,9,,
10/3/2017,9,,
10/2/2017,8,,
10/1/2017,8,,
9/30/2017,7,,
9/29/2017,9,,
9/28/2017,9,,
9/27/2017,9,,
9/26/2017,8,,
9/25/2017,8,,
9/24/2017,8,,
9/23/2017,8,,
9/22/2017,10,,
9/21/2017,10,,
9/20/2017,10,,
9/19/2017,11,,
9/18/2017,12,,
9/17/2017,10,,
9/16/2017,13,,
9/15/2017,20,,
9/14/2017,17,,
9/13/2017,15,,
9/12/2017,11,,
9/11/2017,11,,
9/10/2017,10,,
9/9/2017,9,,
9/8/2017,12,,
9/7/2017,10,,
9/6/2017,12,,
9/5/2017,14,,
9/4/2017,14,,
9/3/2017,11,,
9/2/2017,13,,
9/1/2017,13,,
8/31/2017,13,,
8/30/2017,11,,
8/29/2017,11,,
8/28/2017,10,,
8/27/2017,8,,
8/26/2017,9,,
8/25/2017,11,,
8/24/2017,11,,
8/23/2017,11,,
8/22/2017,12,,
8/21/2017,11,,
8/20/2017,11,,
8/19/2017,11,,
8/18/2017,13,,
8/17/2017,13,,
8/16/2017,13,,
8/15/2017,15,,
8/14/2017,15,,
8/13/2017,13,,
8/12/2017,11,,
8/11/2017,10,,
8/10/2017,9,,
8/9/2017,9,,
8/8/2017,11,,
8/7/2017,10,,
8/6/2017,9,,
8/5/2017,10,,
8/4/2017,8,,
8/3/2017,9,,
8/2/2017,12,,
8/1/2017,14,,
7/31/2017,8,,
7/30/2017,6,,
7/29/2017,6,,
7/28/2017,8,,
7/27/2017,7,,
7/26/2017,7,,
7/25/2017,7,,
7/24/2017,7,,
7/23/2017,7,,
7/22/2017,7,,
7/21/2017,8,,
7/20/2017,8,,
7/19/2017,7,,
7/18/2017,8,,
7/17/2017,8,,
7/16/2017,8,,
7/15/2017,8,,
7/14/2017,7,,
7/13/2017,7,,
7/12/2017,7,,
7/11/2017,7,,
7/10/2017,7,,
7/9/2017,6,,
7/8/2017,5,,
7/7/2017,6,,
7/6/2017,6,,
7/5/2017,6,,
7/4/2017,6,,
7/3/2017,6,,
7/2/2017,6,,
7/1/2017,6,,
6/30/2017,6,,
6/29/2017,8,,
6/28/2017,8,,
6/27/2017,9,,
6/26/2017,8,,
6/25/2017,6,,
6/24/2017,7,,
6/23/2017,7,,
6/22/2017,7,,
6/21/2017,8,,
6/20/2017,8,,
6/19/2017,7,,
6/18/2017,6,,
6/17/2017,7,,
6/16/2017,9,,
6/15/2017,10,,
6/14/2017,9,,
6/13/2017,9,,
6/12/2017,10,,
6/11/2017,7,,
6/10/2017,7,,
6/9/2017,8,,
6/8/2017,8,,
6/7/2017,9,,
6/6/2017,10,,
6/5/2017,7,,
6/4/2017,6,,
6/3/2017,7,,
6/2/2017,7,,
6/1/2017,8,,
5/31/2017,8,,
5/30/2017,9,,
5/29/2017,9,,
5/28/2017,9,,
5/27/2017,11,,
5/26/2017,14,,
5/25/2017,18,,
5/24/2017,14,,
5/23/2017,12,,
5/22/2017,11,,
5/21/2017,7,,
5/20/2017,7,,
5/19/2017,7,,
5/18/2017,7,,
5/17/2017,7,,
5/16/2017,9,,
5/15/2017,9,,
5/14/2017,7,,
5/13/2017,8,,
5/12/2017,8,,
5/11/2017,6,,
5/10/2017,6,,
5/9/2017,7,,
5/8/2017,5,,
5/7/2017,4,,
5/6/2017,4,,
5/5/2017,5,,
5/4/2017,6,,
5/3/2017,5,,
5/2/2017,5,,
5/1/2017,4,,
4/30/2017,3,,
4/29/2017,3,,
4/28/2017,3,,
4/27/2017,4,,
4/26/2017,3,,
4/25/2017,4,,
4/24/2017,3,,
4/23/2017,3,,
4/22/2017,3,,
4/21/2017,3,,
4/20/2017,3,,
4/19/2017,3,,
4/18/2017,3,,
4/17/2017,3,,
4/16/2017,3,,end sixth segment
4/15/2017,48,,
4/14/2017,49,,
4/13/2017,56,,
4/12/2017,55,,
4/11/2017,55,,
4/10/2017,56,,
4/9/2017,48,,
4/8/2017,48,,
4/7/2017,53,,
4/6/2017,57,,
4/5/2017,52,,
4/4/2017,56,,
4/3/2017,52,,
4/2/2017,52,,
4/1/2017,53,,
3/31/2017,52,,
3/30/2017,53,,
3/29/2017,53,,
3/28/2017,54,,
3/27/2017,55,,
3/26/2017,53,,
3/25/2017,63,,
3/24/2017,62,,
3/23/2017,61,,
3/22/2017,60,,
3/21/2017,58,,
3/20/2017,61,,
3/19/2017,65,,
3/18/2017,74,,
3/17/2017,60,,
3/16/2017,61,,
3/15/2017,54,,
3/14/2017,63,,
3/13/2017,62,,
3/12/2017,60,,
3/11/2017,81,,
3/10/2017,95,,
3/9/2017,64,,
3/8/2017,75,,
3/7/2017,66,,
3/6/2017,65,,
3/5/2017,58,,
3/4/2017,76,,
3/3/2017,91,,
3/2/2017,72,,
3/1/2017,58,,
2/28/2017,53,,
2/27/2017,59,,
2/26/2017,58,,
2/25/2017,59,,
2/24/2017,63,,
2/23/2017,56,,
2/22/2017,57,,
2/21/2017,55,,
2/20/2017,43,,
2/19/2017,44,,
2/18/2017,48,,
2/17/2017,47,,
2/16/2017,48,,
2/15/2017,48,,
2/14/2017,46,,
2/13/2017,47,,
2/12/2017,44,,
2/11/2017,47,,
2/10/2017,53,,
2/9/2017,60,,
2/8/2017,48,,
2/7/2017,53,,
2/6/2017,48,,
2/5/2017,51,,
2/4/2017,49,,
2/3/2017,53,,
2/2/2017,55,,
2/1/2017,46,,
1/31/2017,45,,
1/30/2017,43,,
1/29/2017,43,,
1/28/2017,46,,
1/27/2017,46,,
1/26/2017,49,,
1/25/2017,45,,
1/24/2017,52,,
1/23/2017,45,,
1/22/2017,46,,
1/21/2017,43,,
1/20/2017,45,,
1/19/2017,49,,
1/18/2017,50,,
1/17/2017,53,,
1/16/2017,49,,
1/15/2017,45,,
1/14/2017,52,,
1/13/2017,58,,
1/12/2017,70,,
1/11/2017,65,,
1/10/2017,56,,
1/9/2017,61,,
1/8/2017,63,,
1/7/2017,76,,
1/6/2017,90,,
1/5/2017,100,,
1/4/2017,85,,
1/3/2017,70,,
1/2/2017,85,,
1/1/2017,51,,
12/31/2016,46,,
12/30/2016,53,,
12/29/2016,61,,
12/28/2016,54,,
12/27/2016,51,,
12/26/2016,47,,
12/25/2016,49,,
12/24/2016,47,,
12/23/2016,60,,
12/22/2016,55,,
12/21/2016,46,,
12/20/2016,40,,
12/19/2016,35,,
12/18/2016,31,,
12/17/2016,38,,
12/16/2016,29,,
12/15/2016,37,,
12/14/2016,36,,
12/13/2016,39,,
12/12/2016,34,,
12/11/2016,31,,
12/10/2016,36,,
12/9/2016,34,,
12/8/2016,39,,
12/7/2016,38,,
12/6/2016,38,,
12/5/2016,39,,
12/4/2016,33,,
12/3/2016,39,,
12/2/2016,37,,
12/1/2016,39,,
11/30/2016,36,,
11/29/2016,35,,
11/28/2016,38,,
11/27/2016,37,,
11/26/2016,33,,
11/25/2016,34,,
11/24/2016,37,,
11/23/2016,33,,
11/22/2016,35,,
11/21/2016,36,,
11/20/2016,34,,
11/19/2016,39,,
11/18/2016,39,,
11/17/2016,40,,
11/16/2016,35,,
11/15/2016,35,,
11/14/2016,34,,
11/13/2016,32,,
11/12/2016,34,,
11/11/2016,37,,
11/10/2016,33,,
11/9/2016,48,,
11/8/2016,37,,
11/7/2016,33,,
11/6/2016,36,,
11/5/2016,34,,
11/4/2016,32,,
11/3/2016,38,,
11/2/2016,35,,
11/1/2016,37,,
10/31/2016,40,,
10/30/2016,34,,
10/29/2016,37,,
10/28/2016,38,,
10/27/2016,36,,
10/26/2016,31,,
10/25/2016,33,,
10/24/2016,29,,
10/23/2016,29,,
10/22/2016,24,,
10/21/2016,25,,
10/20/2016,30,,
10/19/2016,28,,
10/18/2016,29,,
10/17/2016,26,,
10/16/2016,25,,
10/15/2016,32,,
10/14/2016,25,,
10/13/2016,32,,
10/12/2016,35,,
10/11/2016,33,,
10/10/2016,24,,
10/9/2016,29,,
10/8/2016,24,,
10/7/2016,27,,
10/6/2016,28,,
10/5/2016,27,,
10/4/2016,27,,
10/3/2016,32,,
10/2/2016,24,,
10/1/2016,28,,
9/30/2016,26,,
9/29/2016,28,,
9/28/2016,28,,
9/27/2016,28,,
9/26/2016,31,,
9/25/2016,31,,
9/24/2016,25,,
9/23/2016,28,,
9/22/2016,28,,
9/21/2016,30,,
9/20/2016,28,,
9/19/2016,26,,
9/18/2016,25,,
9/17/2016,28,,
9/16/2016,25,,
9/15/2016,30,,
9/14/2016,28,,
9/13/2016,31,,
9/12/2016,30,,
9/11/2016,28,,
9/10/2016,28,,
9/9/2016,32,,
9/8/2016,31,,
9/7/2016,27,,
9/6/2016,26,,
9/5/2016,29,,
9/4/2016,32,,
9/3/2016,26,,
9/2/2016,23,,
9/1/2016,25,,
8/31/2016,24,,
8/30/2016,29,,
8/29/2016,29,,
8/28/2016,25,,
8/27/2016,28,,
8/26/2016,24,,
8/25/2016,30,,
8/24/2016,29,,
8/23/2016,31,,
8/22/2016,25,,
8/21/2016,24,,
8/20/2016,24,,
8/19/2016,26,,
8/18/2016,29,,
8/17/2016,25,,
8/16/2016,26,,end seventh segment
8/15/2016,32,,
8/14/2016,33,,
8/13/2016,30,,
8/12/2016,34,,
8/11/2016,26,,
8/10/2016,31,,
8/9/2016,32,,
8/8/2016,40,,
8/7/2016,38,,
8/6/2016,34,,
8/5/2016,39,,
8/4/2016,43,,
8/3/2016,70,,
8/2/2016,40,,
8/1/2016,36,,
7/31/2016,28,,
7/30/2016,29,,
7/29/2016,33,,
7/28/2016,35,,
7/27/2016,36,,
7/26/2016,33,,
7/25/2016,31,,
7/24/2016,33,,
7/23/2016,24,,
7/22/2016,29,,
7/21/2016,30,,
7/20/2016,31,,
7/19/2016,31,,
7/18/2016,34,,
7/17/2016,31,,
7/16/2016,32,,
7/15/2016,32,,
7/14/2016,34,,
7/13/2016,35,,
7/12/2016,39,,
7/11/2016,40,,
7/10/2016,43,,
7/9/2016,49,,
7/8/2016,42,,
7/7/2016,43,,
7/6/2016,39,,
7/5/2016,39,,
7/4/2016,35,,
7/3/2016,43,,
7/2/2016,40,,
7/1/2016,40,,
6/30/2016,42,,
6/29/2016,42,,
6/28/2016,43,,
6/27/2016,43,,
6/26/2016,40,,
6/25/2016,57,,
6/24/2016,82,,
6/23/2016,52,,
6/22/2016,46,,
6/21/2016,56,,
6/20/2016,52,,
6/19/2016,48,,
6/18/2016,53,,
6/17/2016,54,,
6/16/2016,54,,
6/15/2016,49,,
6/14/2016,54,,
6/13/2016,59,,
6/12/2016,57,,
6/11/2016,38,,
6/10/2016,40,,
6/9/2016,38,,
6/8/2016,35,,
6/7/2016,44,,
6/6/2016,46,,
6/5/2016,40,,
6/4/2016,41,,
6/3/2016,40,,
6/2/2016,38,,
6/1/2016,43,,
5/31/2016,46,,
5/30/2016,44,,
5/29/2016,41,,
5/28/2016,37,,
5/27/2016,31,,
5/26/2016,33,,
5/25/2016,31,,
5/24/2016,28,,
5/23/2016,34,,
5/22/2016,28,,
5/21/2016,30,,
5/20/2016,28,,
5/19/2016,28,,
5/18/2016,35,,
5/17/2016,32,,
5/16/2016,30,,
5/15/2016,30,,
5/14/2016,29,,
5/13/2016,29,,
5/12/2016,33,,
5/11/2016,34,,
5/10/2016,36,,
5/9/2016,33,,
5/8/2016,38,,
5/7/2016,34,,
5/6/2016,37,,
5/5/2016,47,,
5/4/2016,40,,
5/3/2016,64,,
5/2/2016,100,,
5/1/2016,32,,
4/30/2016,32,,
4/29/2016,28,,
4/28/2016,34,,
4/27/2016,31,,
4/26/2016,37,,
4/25/2016,31,,
4/24/2016,30,,
4/23/2016,33,,
4/22/2016,30,,
4/21/2016,29,,
4/20/2016,26,,
4/19/2016,29,,
4/18/2016,26,,
4/17/2016,26,,
4/16/2016,27,,
4/15/2016,25,,
4/14/2016,29,,
4/13/2016,25,,
4/12/2016,28,,
4/11/2016,31,,
4/10/2016,30,,
4/9/2016,28,,
4/8/2016,24,,
4/7/2016,26,,
4/6/2016,28,,
4/5/2016,30,,
4/4/2016,28,,
4/3/2016,26,,
4/2/2016,22,,
4/1/2016,29,,
3/31/2016,29,,
3/30/2016,28,,
3/29/2016,32,,
3/28/2016,35,,
3/27/2016,31,,
3/26/2016,26,,
3/25/2016,27,,
3/24/2016,27,,
3/23/2016,30,,
3/22/2016,31,,
3/21/2016,30,,
3/20/2016,27,,
3/19/2016,25,,
3/18/2016,27,,
3/17/2016,25,,
3/16/2016,28,,
3/15/2016,29,,
3/14/2016,27,,
3/13/2016,22,,
3/12/2016,30,,
3/11/2016,23,,
3/10/2016,29,,
3/9/2016,30,,
3/8/2016,30,,
3/7/2016,30,,
3/6/2016,30,,
3/5/2016,26,,
3/4/2016,33,,
3/3/2016,28,,
3/2/2016,31,,
3/1/2016,34,,
2/29/2016,26,,
2/28/2016,29,,
2/27/2016,27,,
2/26/2016,34,,
2/25/2016,31,,
2/24/2016,27,,
2/23/2016,27,,
2/22/2016,33,,
2/21/2016,33,,
2/20/2016,33,,
2/19/2016,32,,
2/18/2016,37,,
2/17/2016,30,,
2/16/2016,34,,
2/15/2016,32,,
2/14/2016,30,,
2/13/2016,25,,
2/12/2016,27,,
2/11/2016,30,,
2/10/2016,34,,
2/9/2016,28,,
2/8/2016,28,,
2/7/2016,29,,
2/6/2016,29,,
2/5/2016,28,,
2/4/2016,27,,
2/3/2016,29,,
2/2/2016,30,,
2/1/2016,28,,
1/31/2016,27,,
1/30/2016,27,,
1/29/2016,29,,
1/28/2016,31,,
1/27/2016,33,,
1/26/2016,30,,
1/25/2016,33,,
1/24/2016,32,,
1/23/2016,29,,
1/22/2016,31,,
1/21/2016,38,,
1/20/2016,42,,
1/19/2016,36,,
1/18/2016,37,,
1/17/2016,37,,
1/16/2016,43,,
1/15/2016,42,,
1/14/2016,30,,
1/13/2016,32,,
1/12/2016,28,,
1/11/2016,29,,
1/10/2016,28,,
1/9/2016,30,,
1/8/2016,35,,
1/7/2016,39,,
1/6/2016,31,,
1/5/2016,34,,
1/4/2016,30,,
1/3/2016,29,,
1/2/2016,28,,
1/1/2016,28,,
12/31/2015,26,,
12/30/2015,32,,
12/29/2015,31,,
12/28/2015,33,,
12/27/2015,34,,
12/26/2015,37,,
12/25/2015,28,,
12/24/2015,35,,
12/23/2015,32,,
12/22/2015,30,,
12/21/2015,30,,
12/20/2015,36,,
12/19/2015,31,,
12/18/2015,31,,
12/17/2015,34,,
12/16/2015,36,,end eight segment
12/15/2015,48,,
12/14/2015,43,,
12/13/2015,43,,
12/12/2015,50,,
12/11/2015,54,,
12/10/2015,68,,
12/9/2015,100,,
12/8/2015,45,,
12/7/2015,39,,
12/6/2015,39,,
12/5/2015,37,,
12/4/2015,37,,
12/3/2015,40,,
12/2/2015,36,,
12/1/2015,37,,
11/30/2015,37,,
11/29/2015,35,,
11/28/2015,33,,
11/27/2015,34,,
11/26/2015,40,,
11/25/2015,34,,
11/24/2015,34,,
11/23/2015,33,,
11/22/2015,34,,
11/21/2015,37,,
11/20/2015,39,,
11/19/2015,41,,
11/18/2015,41,,
11/17/2015,40,,
11/16/2015,34,,
11/15/2015,37,,
11/14/2015,34,,
11/13/2015,41,,
11/12/2015,42,,
11/11/2015,47,,
11/10/2015,45,,
11/9/2015,48,,
11/8/2015,41,,
11/7/2015,41,,
11/6/2015,62,,
11/5/2015,73,,
11/4/2015,82,,
11/3/2015,73,,
11/2/2015,47,,
11/1/2015,40,,
10/31/2015,32,,
10/30/2015,45,,
10/29/2015,39,,
10/28/2015,37,,
10/27/2015,37,,
10/26/2015,36,,
10/25/2015,33,,
10/24/2015,34,,
10/23/2015,36,,
10/22/2015,37,,
10/21/2015,31,,
10/20/2015,29,,
10/19/2015,31,,
10/18/2015,30,,
10/17/2015,31,,
10/16/2015,28,,
10/15/2015,29,,
10/14/2015,29,,
10/13/2015,28,,
10/12/2015,31,,
10/11/2015,31,,
10/10/2015,26,,
10/9/2015,29,,
10/8/2015,31,,
10/7/2015,32,,
10/6/2015,33,,
10/5/2015,32,,
10/4/2015,30,,
10/3/2015,24,,
10/2/2015,29,,
10/1/2015,26,,
9/30/2015,32,,
9/29/2015,30,,
9/28/2015,29,,
9/27/2015,29,,
9/26/2015,29,,
9/25/2015,29,,
9/24/2015,25,,
9/23/2015,28,,
9/22/2015,33,,
9/21/2015,26,,
9/20/2015,26,,
9/19/2015,25,,
9/18/2015,29,,
9/17/2015,32,,
9/16/2015,30,,
9/15/2015,30,,
9/14/2015,28,,
9/13/2015,27,,
9/12/2015,29,,
9/11/2015,33,,
9/10/2015,30,,
9/9/2015,31,,
9/8/2015,29,,
9/7/2015,26,,
9/6/2015,27,,
9/5/2015,29,,
9/4/2015,27,,
9/3/2015,29,,
9/2/2015,27,,
9/1/2015,30,,
8/31/2015,32,,
8/30/2015,31,,
8/29/2015,31,,
8/28/2015,32,,
8/27/2015,34,,
8/26/2015,36,,
8/25/2015,42,,
8/24/2015,41,,
8/23/2015,33,,
8/22/2015,32,,
8/21/2015,35,,
8/20/2015,39,,
8/19/2015,49,,
8/18/2015,36,,
8/17/2015,34,,
8/16/2015,33,,
8/15/2015,25,,
8/14/2015,26,,
8/13/2015,28,,
8/12/2015,32,,
8/11/2015,26,,
8/10/2015,32,,
8/9/2015,33,,
8/8/2015,32,,
8/7/2015,33,,
8/6/2015,30,,
8/5/2015,31,,
8/4/2015,33,,
8/3/2015,37,,
8/2/2015,38,,
8/1/2015,43,,
7/31/2015,28,,
7/30/2015,29,,
7/29/2015,30,,
7/28/2015,34,,
7/27/2015,34,,
7/26/2015,37,,
7/25/2015,33,,
7/24/2015,35,,
7/23/2015,31,,
7/22/2015,29,,
7/21/2015,32,,
7/20/2015,35,,
7/19/2015,35,,
7/18/2015,30,,
7/17/2015,34,,
7/16/2015,35,,
7/15/2015,36,,
7/14/2015,36,,
7/13/2015,35,,
7/12/2015,43,,
7/11/2015,34,,
7/10/2015,38,,
7/9/2015,35,,
7/8/2015,39,,
7/7/2015,34,,
7/6/2015,38,,
7/5/2015,37,,
7/4/2015,35,,
7/3/2015,34,,
7/2/2015,31,,
7/1/2015,37,,
6/30/2015,40,,
6/29/2015,34,,
6/28/2015,32,,
6/27/2015,32,,
6/26/2015,26,,
6/25/2015,33,,
6/24/2015,26,,
6/23/2015,26,,
6/22/2015,32,,
6/21/2015,31,,
6/20/2015,36,,
6/19/2015,33,,
6/18/2015,55,,
6/17/2015,29,,
6/16/2015,30,,
6/15/2015,25,,
6/14/2015,26,,
6/13/2015,25,,
6/12/2015,26,,
6/11/2015,24,,
6/10/2015,27,,
6/9/2015,27,,
6/8/2015,22,,
6/7/2015,30,,
6/6/2015,28,,
6/5/2015,29,,
6/4/2015,34,,
6/3/2015,28,,
6/2/2015,30,,
6/1/2015,29,,
5/31/2015,30,,
5/30/2015,37,,
5/29/2015,31,,
5/28/2015,27,,
5/27/2015,29,,
5/26/2015,26,,
5/25/2015,32,,
5/24/2015,28,,
5/23/2015,26,,
5/22/2015,33,,
5/21/2015,30,,
5/20/2015,30,,
5/19/2015,32,,
5/18/2015,31,,
5/17/2015,28,,
5/16/2015,27,,
5/15/2015,30,,
5/14/2015,34,,
5/13/2015,29,,
5/12/2015,27,,
5/11/2015,29,,
5/10/2015,28,,
5/9/2015,25,,
5/8/2015,31,,
5/7/2015,24,,
5/6/2015,30,,
5/5/2015,30,,
5/4/2015,24,,
5/3/2015,26,,
5/2/2015,23,,
5/1/2015,25,,
4/30/2015,29,,
4/29/2015,30,,
4/28/2015,28,,
4/27/2015,30,,
4/26/2015,29,,
4/25/2015,26,,
4/24/2015,27,,
4/23/2015,28,,
4/22/2015,32,,
4/21/2015,30,,
4/20/2015,26,,
4/19/2015,27,,
4/18/2015,26,,
4/17/2015,30,,
4/16/2015,31,,end ninth segment
4/15/2015,37,,
4/14/2015,39,,
4/13/2015,41,,
4/12/2015,35,,
4/11/2015,42,,
4/10/2015,37,,
4/9/2015,38,,
4/8/2015,38,,
4/7/2015,46,,
4/6/2015,43,,
4/5/2015,37,,
4/4/2015,34,,
4/3/2015,37,,
4/2/2015,41,,
4/1/2015,42,,
3/31/2015,41,,
3/30/2015,48,,
3/29/2015,39,,
3/28/2015,35,,
3/27/2015,37,,
3/26/2015,37,,
3/25/2015,41,,
3/24/2015,44,,
3/23/2015,37,,
3/22/2015,35,,
3/21/2015,36,,
3/20/2015,42,,
3/19/2015,43,,
3/18/2015,46,,
3/17/2015,35,,
3/16/2015,44,,
3/15/2015,41,,
3/14/2015,45,,
3/13/2015,36,,
3/12/2015,42,,
3/11/2015,48,,
3/10/2015,42,,
3/9/2015,46,,
3/8/2015,44,,
3/7/2015,49,,
3/6/2015,49,,
3/5/2015,45,,
3/4/2015,43,,
3/3/2015,46,,
3/2/2015,37,,
3/1/2015,40,,
2/28/2015,32,,
2/27/2015,39,,
2/26/2015,41,,
2/25/2015,38,,
2/24/2015,36,,
2/23/2015,43,,
2/22/2015,48,,
2/21/2015,47,,
2/20/2015,64,,
2/19/2015,46,,
2/18/2015,42,,
2/17/2015,42,,
2/16/2015,43,,
2/15/2015,47,,
2/14/2015,38,,
2/13/2015,41,,
2/12/2015,42,,
2/11/2015,49,,
2/10/2015,53,,
2/9/2015,43,,
2/8/2015,53,,
2/7/2015,47,,
2/6/2015,40,,
2/5/2015,50,,
2/4/2015,39,,
2/3/2015,47,,
2/2/2015,41,,
2/1/2015,44,,
1/31/2015,35,,
1/30/2015,39,,
1/29/2015,43,,
1/28/2015,54,,
1/27/2015,51,,
1/26/2015,60,,
1/25/2015,49,,
1/24/2015,46,,
1/23/2015,47,,
1/22/2015,47,,
1/21/2015,50,,
1/20/2015,46,,
1/19/2015,43,,
1/18/2015,51,,
1/17/2015,51,,
1/16/2015,58,,
1/15/2015,63,,
1/14/2015,82,,
1/13/2015,54,,
1/12/2015,42,,
1/11/2015,38,,
1/10/2015,41,,
1/9/2015,47,,
1/8/2015,46,,
1/7/2015,47,,
1/6/2015,57,,
1/5/2015,55,,
1/4/2015,56,,
1/3/2015,41,,
1/2/2015,45,,
1/1/2015,32,,
12/31/2014,41,,
12/30/2014,44,,
12/29/2014,41,,
12/28/2014,39,,
12/27/2014,100,,
12/26/2014,47,,
12/25/2014,40,,
12/24/2014,44,,
12/23/2014,32,,
12/22/2014,41,,
12/21/2014,38,,
12/20/2014,40,,
12/19/2014,47,,
12/18/2014,49,,
12/17/2014,44,,
12/16/2014,51,,
12/15/2014,44,,
12/14/2014,41,,
12/13/2014,43,,
12/12/2014,54,,
12/11/2014,62,,
12/10/2014,39,,
12/9/2014,40,,
12/8/2014,47,,
12/7/2014,42,,
12/6/2014,38,,
12/5/2014,40,,
12/4/2014,35,,
12/3/2014,41,,
12/2/2014,43,,
12/1/2014,41,,
11/30/2014,35,,
11/29/2014,35,,
11/28/2014,37,,
11/27/2014,38,,
11/26/2014,37,,
11/25/2014,42,,
11/24/2014,43,,
11/23/2014,43,,
11/22/2014,39,,
11/21/2014,38,,
11/20/2014,41,,
11/19/2014,47,,
11/18/2014,54,,
11/17/2014,45,,
11/16/2014,43,,
11/15/2014,44,,
11/14/2014,47,,
11/13/2014,55,,
11/12/2014,59,,
11/11/2014,45,,
11/10/2014,49,,
11/9/2014,37,,
11/8/2014,45,,
11/7/2014,49,,
11/6/2014,53,,
11/5/2014,39,,
11/4/2014,35,,
11/3/2014,40,,
11/2/2014,38,,
11/1/2014,37,,
10/31/2014,32,,
10/30/2014,43,,
10/29/2014,42,,
10/28/2014,41,,
10/27/2014,46,,
10/26/2014,39,,
10/25/2014,40,,
10/24/2014,40,,
10/23/2014,41,,
10/22/2014,43,,
10/21/2014,45,,
10/20/2014,43,,
10/19/2014,45,,
10/18/2014,40,,
10/17/2014,44,,
10/16/2014,47,,
10/15/2014,41,,
10/14/2014,49,,
10/13/2014,46,,
10/12/2014,46,,
10/11/2014,46,,
10/10/2014,45,,
10/9/2014,53,,
10/8/2014,50,,
10/7/2014,56,,
10/6/2014,62,,
10/5/2014,58,,
10/4/2014,47,,
10/3/2014,44,,
10/2/2014,44,,
10/1/2014,46,,
9/30/2014,47,,
9/29/2014,48,,
9/28/2014,44,,
9/27/2014,36,,
9/26/2014,42,,
9/25/2014,50,,
9/24/2014,60,,
9/23/2014,54,,
9/22/2014,42,,
9/21/2014,44,,
9/20/2014,48,,
9/19/2014,47,,
9/18/2014,47,,
9/17/2014,39,,
9/16/2014,43,,
9/15/2014,42,,
9/14/2014,44,,
9/13/2014,47,,
9/12/2014,51,,
9/11/2014,68,,
9/10/2014,58,,
9/9/2014,50,,
9/8/2014,39,,
9/7/2014,38,,
9/6/2014,44,,
9/5/2014,37,,
9/4/2014,49,,
9/3/2014,48,,
9/2/2014,54,,
9/1/2014,50,,
8/31/2014,41,,
8/30/2014,35,,
8/29/2014,39,,
8/28/2014,43,,
8/27/2014,35,,
8/26/2014,48,,
8/25/2014,41,,
8/24/2014,43,,
8/23/2014,41,,
8/22/2014,47,,
8/21/2014,49,,
8/20/2014,45,,
8/19/2014,56,,
8/18/2014,57,,
8/17/2014,43,,
8/16/2014,52,,end tenth segment
8/15/2014,15,,
8/14/2014,17,,
8/13/2014,15,,
8/12/2014,11,,
8/11/2014,12,,
8/10/2014,11,,
8/9/2014,10,,
8/8/2014,11,,
8/7/2014,13,,
8/6/2014,13,,
8/5/2014,13,,
8/4/2014,11,,
8/3/2014,10,,
8/2/2014,10,,
8/1/2014,9,,
7/31/2014,13,,
7/30/2014,13,,
7/29/2014,11,,
7/28/2014,11,,
7/27/2014,13,,
7/26/2014,11,,
7/25/2014,11,,
7/24/2014,12,,
7/23/2014,14,,
7/22/2014,11,,
7/21/2014,12,,
7/20/2014,12,,
7/19/2014,14,,
7/18/2014,14,,
7/17/2014,13,,
7/16/2014,15,,
7/15/2014,12,,
7/14/2014,12,,
7/13/2014,10,,
7/12/2014,11,,
7/11/2014,13,,
7/10/2014,13,,
7/9/2014,12,,
7/8/2014,12,,
7/7/2014,13,,
7/6/2014,13,,
7/5/2014,10,,
7/4/2014,12,,
7/3/2014,11,,
7/2/2014,14,,
7/1/2014,14,,
6/30/2014,13,,
6/29/2014,9,,
6/28/2014,12,,
6/27/2014,15,,
6/26/2014,10,,
6/25/2014,12,,
6/24/2014,11,,
6/23/2014,12,,
6/22/2014,12,,
6/21/2014,11,,
6/20/2014,13,,
6/19/2014,14,,
6/18/2014,16,,
6/17/2014,14,,
6/16/2014,15,,
6/15/2014,15,,
6/14/2014,12,,
6/13/2014,19,,
6/12/2014,16,,
6/11/2014,15,,
6/10/2014,13,,
6/9/2014,11,,
6/8/2014,13,,
6/7/2014,13,,
6/6/2014,12,,
6/5/2014,14,,
6/4/2014,14,,
6/3/2014,15,,
6/2/2014,14,,
6/1/2014,15,,
5/31/2014,12,,
5/30/2014,16,,
5/29/2014,16,,
5/28/2014,16,,
5/27/2014,16,,
5/26/2014,14,,
5/25/2014,13,,
5/24/2014,11,,
5/23/2014,14,,
5/22/2014,15,,
5/21/2014,13,,
5/20/2014,15,,
5/19/2014,12,,
5/18/2014,12,,
5/17/2014,11,,
5/16/2014,12,,
5/15/2014,14,,
5/14/2014,13,,
5/13/2014,12,,
5/12/2014,12,,
5/11/2014,10,,
5/10/2014,12,,
5/9/2014,14,,
5/8/2014,13,,
5/7/2014,13,,
5/6/2014,14,,
5/5/2014,15,,
5/4/2014,14,,
5/3/2014,11,,
5/2/2014,13,,
5/1/2014,14,,
4/30/2014,16,,
4/29/2014,14,,
4/28/2014,13,,
4/27/2014,13,,
4/26/2014,13,,
4/25/2014,16,,
4/24/2014,15,,
4/23/2014,15,,
4/22/2014,14,,
4/21/2014,13,,
4/20/2014,14,,
4/19/2014,14,,
4/18/2014,15,,
4/17/2014,16,,
4/16/2014,18,,
4/15/2014,16,,
4/14/2014,16,,
4/13/2014,14,,
4/12/2014,14,,
4/11/2014,20,,
4/10/2014,23,,
4/9/2014,19,,
4/8/2014,17,,
4/7/2014,17,,
4/6/2014,17,,
4/5/2014,15,,
4/4/2014,17,,
4/3/2014,18,,
4/2/2014,22,,
4/1/2014,19,,
3/31/2014,19,,
3/30/2014,20,,
3/29/2014,17,,
3/28/2014,23,,
3/27/2014,22,,
3/26/2014,26,,
3/25/2014,24,,
3/24/2014,21,,
3/23/2014,19,,
3/22/2014,20,,
3/21/2014,29,,
3/20/2014,21,,
3/19/2014,21,,
3/18/2014,20,,
3/17/2014,20,,
3/16/2014,20,,
3/15/2014,19,,
3/14/2014,22,,
3/13/2014,23,,
3/12/2014,25,,
3/11/2014,28,,
3/10/2014,29,,
3/9/2014,31,,
3/8/2014,38,,
3/7/2014,71,,
3/6/2014,60,,
3/5/2014,41,,
3/4/2014,37,,
3/3/2014,35,,
3/2/2014,34,,
3/1/2014,51,,
2/28/2014,62,,
2/27/2014,42,,
2/26/2014,73,,
2/25/2014,100,,
2/24/2014,40,,
2/23/2014,26,,
2/22/2014,28,,
2/21/2014,32,,
2/20/2014,33,,
2/19/2014,31,,
2/18/2014,30,,
2/17/2014,31,,
2/16/2014,33,,
2/15/2014,31,,
2/14/2014,43,,
2/13/2014,32,,
2/12/2014,34,,
2/11/2014,45,,
2/10/2014,46,,
2/9/2014,28,,
2/8/2014,32,,
2/7/2014,42,,
2/6/2014,28,,
2/5/2014,25,,
2/4/2014,26,,
2/3/2014,24,,
2/2/2014,23,,
2/1/2014,27,,
1/31/2014,27,,
1/30/2014,31,,
1/29/2014,33,,
1/28/2014,45,,
1/27/2014,38,,
1/26/2014,27,,
1/25/2014,28,,
1/24/2014,37,,
1/23/2014,35,,
1/22/2014,42,,
1/21/2014,37,,
1/20/2014,34,,
1/19/2014,31,,
1/18/2014,25,,
1/17/2014,40,,
1/16/2014,38,,
1/15/2014,34,,
1/14/2014,32,,
1/13/2014,32,,
1/12/2014,30,,
1/11/2014,31,,
1/10/2014,32,,
1/9/2014,34,,
1/8/2014,37,,
1/7/2014,37,,
1/6/2014,40,,
1/5/2014,32,,
1/4/2014,26,,
1/3/2014,32,,
1/2/2014,29,,
1/1/2014,27,,
12/31/2013,28,,
12/30/2013,31,,
12/29/2013,27,,
12/28/2013,33,,
12/27/2013,38,,
12/26/2013,35,,
12/25/2013,29,,
12/24/2013,36,,
12/23/2013,38,,
12/22/2013,44,,
12/21/2013,39,,
12/20/2013,46,,
12/19/2013,62,,
12/18/2013,90,,
12/17/2013,47,,
12/16/2013,50,,end eleventh segment
12/15/2013,40,,
12/14/2013,36,,
12/13/2013,41,,
12/12/2013,41,,
12/11/2013,48,,
12/10/2013,43,,
12/9/2013,50,,
12/8/2013,49,,
12/7/2013,71,,
12/6/2013,68,,
12/5/2013,72,,
12/4/2013,51,,
12/3/2013,57,,
12/2/2013,62,,
12/1/2013,61,,
11/30/2013,67,,
11/29/2013,95,,
11/28/2013,100,,
11/27/2013,65,,
11/26/2013,38,,
11/25/2013,38,,
11/24/2013,39,,
11/23/2013,41,,
11/22/2013,48,,
11/21/2013,44,,
11/20/2013,55,,
11/19/2013,86,,
11/18/2013,57,,
11/17/2013,27,,
11/16/2013,24,,
11/15/2013,27,,
11/14/2013,25,,
11/13/2013,23,,
11/12/2013,21,,
11/11/2013,18,,
11/10/2013,22,,
11/9/2013,27,,
11/8/2013,27,,
11/7/2013,25,,
11/6/2013,22,,
11/5/2013,18,,
11/4/2013,17,,
11/3/2013,15,,
11/2/2013,17,,
11/1/2013,20,,
10/31/2013,29,,
10/30/2013,37,,
10/29/2013,24,,
10/28/2013,12,,
10/27/2013,10,,
10/26/2013,12,,
10/25/2013,9,,
10/24/2013,10,,
10/23/2013,9,,
10/22/2013,10,,
10/21/2013,8,,
10/20/2013,8,,
10/19/2013,9,,
10/18/2013,7,,
10/17/2013,7,,
10/16/2013,6,,
10/15/2013,8,,
10/14/2013,7,,
10/13/2013,6,,
10/12/2013,7,,
10/11/2013,6,,
10/10/2013,8,,
10/9/2013,8,,
10/8/2013,10,,
10/7/2013,10,,
10/6/2013,8,,
10/5/2013,9,,
10/4/2013,13,,
10/3/2013,22,,
10/2/2013,13,,
10/1/2013,6,,
9/30/2013,7,,
9/29/2013,6,,
9/28/2013,5,,
9/27/2013,5,,
9/26/2013,6,,
9/25/2013,7,,
9/24/2013,7,,
9/23/2013,6,,
9/22/2013,6,,
9/21/2013,6,,
9/20/2013,6,,
9/19/2013,5,,
9/18/2013,6,,
9/17/2013,7,,
9/16/2013,6,,
9/15/2013,5,,
9/14/2013,5,,
9/13/2013,6,,
9/12/2013,6,,
9/11/2013,6,,
9/10/2013,5,,
9/9/2013,7,,
9/8/2013,7,,
9/7/2013,6,,
9/6/2013,6,,
9/5/2013,6,,
9/4/2013,8,,
9/3/2013,7,,
9/2/2013,5,,
9/1/2013,6,,
8/31/2013,7,,
8/30/2013,6,,
8/29/2013,6,,
8/28/2013,8,,
8/27/2013,8,,
8/26/2013,6,,
8/25/2013,7,,
8/24/2013,7,,
8/23/2013,7,,
8/22/2013,7,,
8/21/2013,10,,
8/20/2013,9,,
8/19/2013,10,,
8/18/2013,8,,
8/17/2013,6,,
8/16/2013,7,,
8/15/2013,9,,
8/14/2013,9,,
8/13/2013,9,,
8/12/2013,7,,
8/11/2013,7,,
8/10/2013,6,,
8/9/2013,5,,
8/8/2013,7,,
8/7/2013,7,,
8/6/2013,6,,
8/5/2013,6,,
8/4/2013,8,,
8/3/2013,4,,
8/2/2013,6,,
8/1/2013,5,,
7/31/2013,8,,
7/30/2013,7,,
7/29/2013,6,,
7/28/2013,7,,
7/27/2013,6,,
7/26/2013,7,,
7/25/2013,6,,
7/24/2013,7,,
7/23/2013,7,,
7/22/2013,7,,
7/21/2013,6,,
7/20/2013,7,,
7/19/2013,6,,
7/18/2013,6,,
7/17/2013,7,,
7/16/2013,7,,
7/15/2013,6,,
7/14/2013,6,,
7/13/2013,6,,
7/12/2013,7,,
7/11/2013,6,,
7/10/2013,6,,
7/9/2013,8,,
7/8/2013,6,,
7/7/2013,9,,
7/6/2013,7,,
7/5/2013,9,,
7/4/2013,9,,
7/3/2013,11,,
7/2/2013,13,,
7/1/2013,8,,
6/30/2013,9,,
6/29/2013,6,,
6/28/2013,7,,
6/27/2013,7,,
6/26/2013,7,,
6/25/2013,7,,
6/24/2013,9,,
6/23/2013,6,,
6/22/2013,6,,
6/21/2013,7,,
6/20/2013,7,,
6/19/2013,6,,
6/18/2013,8,,
6/17/2013,7,,
6/16/2013,7,,
6/15/2013,7,,
6/14/2013,5,,
6/13/2013,7,,
6/12/2013,9,,
6/11/2013,9,,
6/10/2013,9,,
6/9/2013,9,,
6/8/2013,7,,
6/7/2013,7,,
6/6/2013,7,,
6/5/2013,7,,
6/4/2013,7,,
6/3/2013,10,,
6/2/2013,8,,
6/1/2013,8,,
5/31/2013,11,,
5/30/2013,8,,
5/29/2013,11,,
5/28/2013,11,,
5/27/2013,9,,
5/26/2013,7,,
5/25/2013,9,,
5/24/2013,10,,
5/23/2013,9,,
5/22/2013,9,,
5/21/2013,10,,
5/20/2013,11,,
5/19/2013,11,,
5/18/2013,11,,
5/17/2013,11,,
5/16/2013,13,,
5/15/2013,12,,
5/14/2013,11,,
5/13/2013,13,,
5/12/2013,10,,
5/11/2013,10,,
5/10/2013,10,,
5/9/2013,11,,
5/8/2013,10,,
5/7/2013,10,,
5/6/2013,15,,
5/5/2013,13,,
5/4/2013,12,,
5/3/2013,16,,
5/2/2013,16,,
5/1/2013,14,,
4/30/2013,14,,
4/29/2013,12,,
4/28/2013,15,,
4/27/2013,14,,
4/26/2013,13,,
4/25/2013,13,,
4/24/2013,17,,
4/23/2013,18,,
4/22/2013,14,,
4/21/2013,15,,
4/20/2013,16,,
4/19/2013,20,,
4/18/2013,25,,
4/17/2013,25,,
4/16/2013,30,,end twelfth segment