Date,market-cap
1/3/2009,0
1/4/2009,0
1/5/2009,0
1/6/2009,0
1/7/2009,0
1/8/2009,0
1/9/2009,0
1/10/2009,0
1/11/2009,0
1/12/2009,0
1/13/2009,0
1/14/2009,0
1/15/2009,0
1/16/2009,0
1/17/2009,0
1/18/2009,0
1/19/2009,0
1/20/2009,0
1/21/2009,0
1/22/2009,0
1/23/2009,0
1/24/2009,0
1/25/2009,0
1/26/2009,0
1/27/2009,0
1/28/2009,0
1/29/2009,0
1/30/2009,0
1/31/2009,0
2/1/2009,0
2/2/2009,0
2/3/2009,0
2/4/2009,0
2/5/2009,0
2/6/2009,0
2/7/2009,0
2/8/2009,0
2/9/2009,0
2/10/2009,0
2/11/2009,0
2/12/2009,0
2/13/2009,0
2/14/2009,0
2/15/2009,0
2/16/2009,0
2/17/2009,0
2/18/2009,0
2/19/2009,0
2/20/2009,0
2/21/2009,0
2/22/2009,0
2/23/2009,0
2/24/2009,0
2/25/2009,0
2/26/2009,0
2/27/2009,0
2/28/2009,0
3/1/2009,0
3/2/2009,0
3/3/2009,0
3/4/2009,0
3/5/2009,0
3/6/2009,0
3/7/2009,0
3/8/2009,0
3/9/2009,0
3/10/2009,0
3/11/2009,0
3/12/2009,0
3/13/2009,0
3/14/2009,0
3/15/2009,0
3/16/2009,0
3/17/2009,0
3/18/2009,0
3/19/2009,0
3/20/2009,0
3/21/2009,0
3/22/2009,0
3/23/2009,0
3/24/2009,0
3/25/2009,0
3/26/2009,0
3/27/2009,0
3/28/2009,0
3/29/2009,0
3/30/2009,0
3/31/2009,0
4/1/2009,0
4/2/2009,0
4/3/2009,0
4/4/2009,0
4/5/2009,0
4/6/2009,0
4/7/2009,0
4/8/2009,0
4/9/2009,0
4/10/2009,0
4/11/2009,0
4/12/2009,0
4/13/2009,0
4/14/2009,0
4/15/2009,0
4/16/2009,0
4/17/2009,0
4/18/2009,0
4/19/2009,0
4/20/2009,0
4/21/2009,0
4/22/2009,0
4/23/2009,0
4/24/2009,0
4/25/2009,0
4/26/2009,0
4/27/2009,0
4/28/2009,0
4/29/2009,0
4/30/2009,0
5/1/2009,0
5/2/2009,0
5/3/2009,0
5/4/2009,0
5/5/2009,0
5/6/2009,0
5/7/2009,0
5/8/2009,0
5/9/2009,0
5/10/2009,0
5/11/2009,0
5/12/2009,0
5/13/2009,0
5/14/2009,0
5/15/2009,0
5/16/2009,0
5/17/2009,0
5/18/2009,0
5/19/2009,0
5/20/2009,0
5/21/2009,0
5/22/2009,0
5/23/2009,0
5/24/2009,0
5/25/2009,0
5/26/2009,0
5/27/2009,0
5/28/2009,0
5/29/2009,0
5/30/2009,0
5/31/2009,0
6/1/2009,0
6/2/2009,0
6/3/2009,0
6/4/2009,0
6/5/2009,0
6/6/2009,0
6/7/2009,0
6/8/2009,0
6/9/2009,0
6/10/2009,0
6/11/2009,0
6/12/2009,0
6/13/2009,0
6/14/2009,0
6/15/2009,0
6/16/2009,0
6/17/2009,0
6/18/2009,0
6/19/2009,0
6/20/2009,0
6/21/2009,0
6/22/2009,0
6/23/2009,0
6/24/2009,0
6/25/2009,0
6/26/2009,0
6/27/2009,0
6/28/2009,0
6/29/2009,0
6/30/2009,0
7/1/2009,0
7/2/2009,0
7/3/2009,0
7/4/2009,0
7/5/2009,0
7/6/2009,0
7/7/2009,0
7/8/2009,0
7/9/2009,0
7/10/2009,0
7/11/2009,0
7/12/2009,0
7/13/2009,0
7/14/2009,0
7/15/2009,0
7/16/2009,0
7/17/2009,0
7/18/2009,0
7/19/2009,0
7/20/2009,0
7/21/2009,0
7/22/2009,0
7/23/2009,0
7/24/2009,0
7/25/2009,0
7/26/2009,0
7/27/2009,0
7/28/2009,0
7/29/2009,0
7/30/2009,0
7/31/2009,0
8/1/2009,0
8/2/2009,0
8/3/2009,0
8/4/2009,0
8/5/2009,0
8/6/2009,0
8/7/2009,0
8/8/2009,0
8/9/2009,0
8/10/2009,0
8/11/2009,0
8/12/2009,0
8/13/2009,0
8/14/2009,0
8/15/2009,0
8/16/2009,0
8/17/2009,0
8/18/2009,0
8/19/2009,0
8/20/2009,0
8/21/2009,0
8/22/2009,0
8/23/2009,0
8/24/2009,0
8/25/2009,0
8/26/2009,0
8/27/2009,0
8/28/2009,0
8/29/2009,0
8/30/2009,0
8/31/2009,0
9/1/2009,0
9/2/2009,0
9/3/2009,0
9/4/2009,0
9/5/2009,0
9/6/2009,0
9/7/2009,0
9/8/2009,0
9/9/2009,0
9/10/2009,0
9/11/2009,0
9/12/2009,0
9/13/2009,0
9/14/2009,0
9/15/2009,0
9/16/2009,0
9/17/2009,0
9/18/2009,0
9/19/2009,0
9/20/2009,0
9/21/2009,0
9/22/2009,0
9/23/2009,0
9/24/2009,0
9/25/2009,0
9/26/2009,0
9/27/2009,0
9/28/2009,0
9/29/2009,0
9/30/2009,0
10/1/2009,0
10/2/2009,0
10/3/2009,0
10/4/2009,0
10/5/2009,0
10/6/2009,0
10/7/2009,0
10/8/2009,0
10/9/2009,0
10/10/2009,0
10/11/2009,0
10/12/2009,0
10/13/2009,0
10/14/2009,0
10/15/2009,0
10/16/2009,0
10/17/2009,0
10/18/2009,0
10/19/2009,0
10/20/2009,0
10/21/2009,0
10/22/2009,0
10/23/2009,0
10/24/2009,0
10/25/2009,0
10/26/2009,0
10/27/2009,0
10/28/2009,0
10/29/2009,0
10/30/2009,0
10/31/2009,0
11/1/2009,0
11/2/2009,0
11/3/2009,0
11/4/2009,0
11/5/2009,0
11/6/2009,0
11/7/2009,0
11/8/2009,0
11/9/2009,0
11/10/2009,0
11/11/2009,0
11/12/2009,0
11/13/2009,0
11/14/2009,0
11/15/2009,0
11/16/2009,0
11/17/2009,0
11/18/2009,0
11/19/2009,0
11/20/2009,0
11/21/2009,0
11/22/2009,0
11/23/2009,0
11/24/2009,0
11/25/2009,0
11/26/2009,0
11/27/2009,0
11/28/2009,0
11/29/2009,0
11/30/2009,0
12/1/2009,0
12/2/2009,0
12/3/2009,0
12/4/2009,0
12/5/2009,0
12/6/2009,0
12/7/2009,0
12/8/2009,0
12/9/2009,0
12/10/2009,0
12/11/2009,0
12/12/2009,0
12/13/2009,0
12/14/2009,0
12/15/2009,0
12/16/2009,0
12/17/2009,0
12/18/2009,0
12/19/2009,0
12/20/2009,0
12/21/2009,0
12/22/2009,0
12/23/2009,0
12/24/2009,0
12/25/2009,0
12/26/2009,0
12/27/2009,0
12/28/2009,0
12/29/2009,0
12/30/2009,0
12/31/2009,0
1/1/2010,0
1/2/2010,0
1/3/2010,0
1/4/2010,0
1/5/2010,0
1/6/2010,0
1/7/2010,0
1/8/2010,0
1/9/2010,0
1/10/2010,0
1/11/2010,0
1/12/2010,0
1/13/2010,0
1/14/2010,0
1/15/2010,0
1/16/2010,0
1/17/2010,0
1/18/2010,0
1/19/2010,0
1/20/2010,0
1/21/2010,0
1/22/2010,0
1/23/2010,0
1/24/2010,0
1/25/2010,0
1/26/2010,0
1/27/2010,0
1/28/2010,0
1/29/2010,0
1/30/2010,0
1/31/2010,0
2/1/2010,0
2/2/2010,0
2/3/2010,0
2/4/2010,0
2/5/2010,0
2/6/2010,0
2/7/2010,0
2/8/2010,0
2/9/2010,0
2/10/2010,0
2/11/2010,0
2/12/2010,0
2/13/2010,0
2/14/2010,0
2/15/2010,0
2/16/2010,0
2/17/2010,0
2/18/2010,0
2/19/2010,0
2/20/2010,0
2/21/2010,0
2/22/2010,0
2/23/2010,0
2/24/2010,0
2/25/2010,0
2/26/2010,0
2/27/2010,0
2/28/2010,0
3/1/2010,0
3/2/2010,0
3/3/2010,0
3/4/2010,0
3/5/2010,0
3/6/2010,0
3/7/2010,0
3/8/2010,0
3/9/2010,0
3/10/2010,0
3/11/2010,0
3/12/2010,0
3/13/2010,0
3/14/2010,0
3/15/2010,0
3/16/2010,0
3/17/2010,0
3/18/2010,0
3/19/2010,0
3/20/2010,0
3/21/2010,0
3/22/2010,0
3/23/2010,0
3/24/2010,0
3/25/2010,0
3/26/2010,0
3/27/2010,0
3/28/2010,0
3/29/2010,0
3/30/2010,0
3/31/2010,0
4/1/2010,0
4/2/2010,0
4/3/2010,0
4/4/2010,0
4/5/2010,0
4/6/2010,0
4/7/2010,0
4/8/2010,0
4/9/2010,0
4/10/2010,0
4/11/2010,0
4/12/2010,0
4/13/2010,0
4/14/2010,0
4/15/2010,0
4/16/2010,0
4/17/2010,0
4/18/2010,0
4/19/2010,0
4/20/2010,0
4/21/2010,0
4/22/2010,0
4/23/2010,0
4/24/2010,0
4/25/2010,0
4/26/2010,0
4/27/2010,0
4/28/2010,0
4/29/2010,0
4/30/2010,0
5/1/2010,0
5/2/2010,0
5/3/2010,0
5/4/2010,0
5/5/2010,0
5/6/2010,0
5/7/2010,0
5/8/2010,0
5/9/2010,0
5/10/2010,0
5/11/2010,0
5/12/2010,0
5/13/2010,0
5/14/2010,0
5/15/2010,0
5/16/2010,0
5/17/2010,0
5/18/2010,0
5/19/2010,0
5/20/2010,0
5/21/2010,0
5/22/2010,0
5/23/2010,0
5/24/2010,0
5/25/2010,0
5/26/2010,0
5/27/2010,0
5/28/2010,0
5/29/2010,0
5/30/2010,0
5/31/2010,0
6/1/2010,0
6/2/2010,0
6/3/2010,0
6/4/2010,0
6/5/2010,0
6/6/2010,0
6/7/2010,0
6/8/2010,0
6/9/2010,0
6/10/2010,0
6/11/2010,0
6/12/2010,0
6/13/2010,0
6/14/2010,0
6/15/2010,0
6/16/2010,0
6/17/2010,0
6/18/2010,0
6/19/2010,0
6/20/2010,0
6/21/2010,0
6/22/2010,0
6/23/2010,0
6/24/2010,0
6/25/2010,0
6/26/2010,0
6/27/2010,0
6/28/2010,0
6/29/2010,0
6/30/2010,0
7/1/2010,0
7/2/2010,0
7/3/2010,0
7/4/2010,0
7/5/2010,0
7/6/2010,0
7/7/2010,0
7/8/2010,0
7/9/2010,0
7/10/2010,0
7/11/2010,0
7/12/2010,0
7/13/2010,0
7/14/2010,0
7/15/2010,0
7/16/2010,0
7/17/2010,0
7/18/2010,0
7/19/2010,0
7/20/2010,0
7/21/2010,0
7/22/2010,0
7/23/2010,0
7/24/2010,0
7/25/2010,0
7/26/2010,0
7/27/2010,0
7/28/2010,0
7/29/2010,0
7/30/2010,0
7/31/2010,0
8/1/2010,0
8/2/2010,0
8/3/2010,0
8/4/2010,0
8/5/2010,0
8/6/2010,0
8/7/2010,0
8/8/2010,0
8/9/2010,0
8/10/2010,0
8/11/2010,0
8/12/2010,0
8/13/2010,0
8/14/2010,0
8/15/2010,0
8/16/2010,0
8/17/2010,0
8/18/2010,0
8/19/2010,0
8/20/2010,263504.5
8/21/2010,263504.5
8/22/2010,265051.5
8/23/2010,265051.5
8/24/2010,266602
8/25/2010,266602
8/26/2010,266602
8/27/2010,268191
8/28/2010,268191
8/29/2010,231207
8/30/2010,231207
8/31/2010,231207
9/1/2010,232536
9/2/2010,232536
9/3/2010,232536
9/4/2010,233877
9/5/2010,233877
9/6/2010,235206
9/7/2010,235206
9/8/2010,235206
9/9/2010,236553
9/10/2010,236553
9/11/2010,236553
9/12/2010,237888
9/13/2010,237888
9/14/2010,239214
9/15/2010,239214
9/16/2010,239214
9/17/2010,240549
9/18/2010,240549
9/19/2010,241878
9/20/2010,241878
9/21/2010,243213
9/22/2010,243213
9/23/2010,244539
9/24/2010,244539
9/25/2010,245868
9/26/2010,245868
9/27/2010,247194
9/28/2010,247194
9/29/2010,248550
9/30/2010,248550
10/1/2010,248550
10/2/2010,248550
10/3/2010,249879
10/4/2010,249879
10/5/2010,249879
10/6/2010,251211
10/7/2010,251211
10/8/2010,251211
10/9/2010,420905
10/10/2010,420905
10/11/2010,507738
10/12/2010,507738
10/13/2010,507738
10/14/2010,425350
10/15/2010,425350
10/16/2010,513096
10/17/2010,513096
10/18/2010,429835
10/19/2010,429835
10/20/2010,432060
10/21/2010,432060
10/22/2010,477741
10/23/2010,477741
10/24/2010,567547.5
10/25/2010,567547.5
10/26/2010,702088
10/27/2010,702088
10/28/2010,837976
10/29/2010,837976
10/30/2010,842241.5
10/31/2010,842241.5
11/1/2010,842241.5
11/2/2010,891010
11/3/2010,891010
11/4/2010,1208884.5
11/5/2010,1208884.5
11/6/2010,1124912.5
11/7/2010,1124912.5
11/8/2010,2125316.5
11/9/2010,2125316.5
11/10/2010,1454128
11/11/2010,1454128
11/12/2010,1095900
11/13/2010,1095900
11/14/2010,1376685
11/15/2010,1376685
11/16/2010,1291178
11/17/2010,1291178
11/18/2010,1297520
11/19/2010,1297520
11/20/2010,1297520
11/21/2010,1350341.5
11/22/2010,1350341.5
11/23/2010,1350341.5
11/24/2010,1356852
11/25/2010,1356852
11/26/2010,1316294
11/27/2010,1316294
11/28/2010,1316294
11/29/2010,1322538
11/30/2010,1322538
12/1/2010,1233947
12/2/2010,1233947
12/3/2010,1192050
12/4/2010,1192050
12/5/2010,1197712.5
12/6/2010,1197712.5
12/7/2010,1107059
12/8/2010,1107059
12/9/2010,1208862.5
12/10/2010,1208862.5
12/11/2010,1208862.5
12/12/2010,1117328.5
12/13/2010,1117328.5
12/14/2010,1117328.5
12/15/2010,1122480.5
12/16/2010,1122480.5
12/17/2010,1225800
12/18/2010,1225800
12/19/2010,1225800
12/20/2010,1280682
12/21/2010,1280682
12/22/2010,1336068
12/23/2010,1336068
12/24/2010,1336068
12/25/2010,1242625
12/26/2010,1242625
12/27/2010,1242625
12/28/2010,1348056
12/29/2010,1348056
12/30/2010,1348056
12/31/2010,1504575
1/1/2011,1504575
1/2/2011,1511280
1/3/2011,1511280
1/4/2011,1511280
1/5/2011,1517925
1/6/2011,1517925
1/7/2011,1517925
1/8/2011,1626224
1/9/2011,1626224
1/10/2011,1626224
1/11/2011,1684402.5
1/12/2011,1684402.5
1/13/2011,1845594
1/14/2011,1845594
1/15/2011,1845594
1/16/2011,2059560
1/17/2011,2059560
1/18/2011,2059560
1/19/2011,1965056
1/20/2011,1965056
1/21/2011,1973587
1/22/2011,1973587
1/23/2011,1973587
1/24/2011,2295040
1/25/2011,2295040
1/26/2011,2252404.5
1/27/2011,2252404.5
1/28/2011,2252404.5
1/29/2011,2367180
1/30/2011,2367180
1/31/2011,2367180
2/1/2011,3222355.5
2/2/2011,3222355.5
2/3/2011,3222355.5
2/4/2011,4137939
2/5/2011,4137939
2/6/2011,4900978
2/7/2011,4900978
2/8/2011,4900978
2/9/2011,4867999.5
2/10/2011,4867999.5
2/11/2011,5801328
2/12/2011,5801328
2/13/2011,5879133
2/14/2011,5879133
2/15/2011,5849172
2/16/2011,5849172
2/17/2011,5710162.5
2/18/2011,5710162.5
2/19/2011,5710162.5
2/20/2011,5460400
2/21/2011,5460400
2/22/2011,4824688
2/23/2011,4824688
2/24/2011,5229655
2/25/2011,5229655
2/26/2011,5527000
2/27/2011,5438167
2/28/2011,5438167
3/1/2011,5438167
3/2/2011,5404112.5
3/3/2011,5404112.5
3/4/2011,5404112.5
3/5/2011,5201862
3/6/2011,5166306
3/7/2011,5166306
3/8/2011,5130352.5
3/9/2011,5130352.5
3/10/2011,5130352.5
3/11/2011,5130352.5
3/12/2011,5263800
3/13/2011,5263800
3/14/2011,5263800
3/15/2011,5114025
3/16/2011,5114025
3/17/2011,5114025
3/18/2011,5114025
3/19/2011,4791612
3/20/2011,4791612
3/21/2011,4791612
3/22/2011,4524014
3/23/2011,4524014
3/24/2011,4524014
3/25/2011,5174055
3/26/2011,5174055
3/27/2011,5174055
3/28/2011,5136368
3/29/2011,5136368
3/30/2011,5136368
3/31/2011,4634680
4/1/2011,4634680
4/2/2011,4652800
4/3/2011,4652800
4/4/2011,4652800
4/5/2011,4496107
4/6/2011,4496107
4/7/2011,4396012.5
4/8/2011,4396012.5
4/9/2011,4396012.5
4/10/2011,4530295
4/11/2011,4530295
4/12/2011,4530295
4/13/2011,5433290
4/14/2011,5433290
4/15/2011,5433290
4/16/2011,6461465.5
4/17/2011,6461465.5
4/18/2011,6604722
4/19/2011,6604722
4/20/2011,6604722
4/21/2011,7166700
4/22/2011,7166700
4/23/2011,7166700
4/24/2011,9890595
4/25/2011,9890595
4/26/2011,10288215
4/27/2011,10288215
4/28/2011,10288215
4/29/2011,16062543
4/30/2011,16062543
5/1/2011,25091505
5/2/2011,25091505
5/3/2011,21229146.5
5/4/2011,21229146.5
5/5/2011,21733978
5/6/2011,21733978
5/7/2011,22180464
5/8/2011,22180464
5/9/2011,24044349.5
5/10/2011,24044349.5
5/11/2011,24044349.5
5/12/2011,37277370
5/13/2011,37277370
5/14/2011,53019356
5/15/2011,53019356
5/16/2011,53084213
5/17/2011,53084213
5/18/2011,51588673.5
5/19/2011,51588673.5
5/20/2011,45574256
5/21/2011,45574256
5/22/2011,41526664
5/23/2011,42933985.5
5/24/2011,42933985.5
5/25/2011,45995109
5/26/2011,50472960
5/27/2011,50472960
5/28/2011,50472960
5/29/2011,55299412
5/30/2011,55299412
5/31/2011,58305528
6/1/2011,58305528
6/2/2011,58305528
6/3/2011,73518192
6/4/2011,73518192
6/5/2011,114520456.5
6/6/2011,114520456.5
6/7/2011,123956845.5
6/8/2011,123956845.5
6/9/2011,206178105.5
6/10/2011,206178105.5
6/11/2011,219821680
6/12/2011,219821680
6/13/2011,162295402.5
6/14/2011,162295402.5
6/15/2011,135866850
6/16/2011,135866850
6/17/2011,130215418
6/18/2011,130215418
6/19/2011,116018320
6/20/2011,116018320
6/21/2011,111842740
6/22/2011,111842740
6/23/2011,101403428
6/24/2011,101403428
6/25/2011,112859880
6/26/2011,112859880
6/27/2011,112859880
6/28/2011,119513250.5
6/29/2011,119513250.5
6/30/2011,116288375
7/1/2011,116288375
7/2/2011,116288375
7/3/2011,109611795
7/4/2011,109611795
7/5/2011,105585855
7/6/2011,105585855
7/7/2011,105585855
7/8/2011,108976875
7/9/2011,108976875
7/10/2011,108976875
7/11/2011,105664848
7/12/2011,105664848
7/13/2011,105664848
7/14/2011,96334406
7/15/2011,96334406
7/16/2011,96334406
7/17/2011,96169153.5
7/18/2011,96169153.5
7/19/2011,96169153.5
7/20/2011,99702961
7/21/2011,99702961
7/22/2011,99702961
7/23/2011,95827256
7/24/2011,95827256
7/25/2011,97723116
7/26/2011,97723116
7/27/2011,97723116
7/28/2011,97620645
7/29/2011,97620645
7/30/2011,97620645
7/31/2011,97656542
8/1/2011,97656542
8/2/2011,97656542
8/3/2011,93161491.5
8/4/2011,93161491.5
8/5/2011,93161491.5
8/6/2011,79830368
8/7/2011,79830368
8/8/2011,79830368
8/9/2011,67744131
8/10/2011,67744131
8/11/2011,67744131
8/12/2011,72820530
8/13/2011,72820530
8/14/2011,72820530
8/15/2011,72820530
8/16/2011,83074425.5
8/17/2011,83074425.5
8/18/2011,83074425.5
8/19/2011,82845945
8/20/2011,82845945
8/21/2011,82845945
8/22/2011,82190387.5
8/23/2011,82190387.5
8/24/2011,82190387.5
8/25/2011,80530015
8/26/2011,80530015
8/27/2011,80530015
8/28/2011,80530015
8/29/2011,67770624
8/30/2011,67770624
8/31/2011,67770624
9/1/2011,63607657
9/2/2011,63607657
9/3/2011,63607657
9/4/2011,62511949.5
9/5/2011,62511949.5
9/6/2011,62511949.5
9/7/2011,55131768
9/8/2011,55131768
9/9/2011,55131768
9/10/2011,48935640
9/11/2011,48935640
9/12/2011,48935640
9/13/2011,49959120
9/14/2011,49959120
9/15/2011,49959120
9/16/2011,49959120
9/17/2011,37733451
9/18/2011,37733451
9/19/2011,37733451
9/20/2011,43037935.5
9/21/2011,43037935.5
9/22/2011,43037935.5
9/23/2011,42510230
9/24/2011,42510230
9/25/2011,42510230
9/26/2011,42510230
9/27/2011,39553760
9/28/2011,39553760
9/29/2011,39553760
9/30/2011,36428301
10/1/2011,36428301
10/2/2011,36428301
10/3/2011,38018781
10/4/2011,38018781
10/5/2011,38018781
10/6/2011,38018781
10/7/2011,36429499.5
10/8/2011,36429499.5
10/9/2011,36429499.5
10/10/2011,32447774
10/11/2011,32447774
10/12/2011,32447774
10/13/2011,32447774
10/14/2011,32621394.5
10/15/2011,32621394.5
10/16/2011,32621394.5
10/17/2011,32621394.5
10/18/2011,26580092.5
10/19/2011,26580092.5
10/20/2011,26580092.5
10/21/2011,26580092.5
10/22/2011,21477742
10/23/2011,21477742
10/24/2011,21477742
10/25/2011,21477742
10/26/2011,22596000
10/27/2011,22596000
10/28/2011,22596000
10/29/2011,22596000
10/30/2011,28554498
10/31/2011,28554498
11/1/2011,28554498
11/2/2011,25532299.5
11/3/2011,25532299.5
11/4/2011,25532299.5
11/5/2011,24468780
11/6/2011,24468780
11/7/2011,24468780
11/8/2011,23399693.5
11/9/2011,23399693.5
11/10/2011,23399693.5
11/11/2011,23399693.5
11/12/2011,23166168
11/13/2011,23166168
11/14/2011,23166168
11/15/2011,22621337.5
11/16/2011,22621337.5
11/17/2011,22621337.5
11/18/2011,19610520
11/19/2011,19610520
11/20/2011,19610520
11/21/2011,18897217.5
11/22/2011,18897217.5
11/23/2011,18897217.5
11/24/2011,18897217.5
11/25/2011,19185280
11/26/2011,19185280
11/27/2011,19185280
11/28/2011,19185280
11/29/2011,20482704
11/30/2011,20482704
12/1/2011,20482704
12/2/2011,24438934
12/3/2011,24438934
12/4/2011,24438934
12/5/2011,23265903
12/6/2011,23265903
12/7/2011,23265903
12/8/2011,24198562.5
12/9/2011,24198562.5
12/10/2011,24198562.5
12/11/2011,24504324
12/12/2011,24504324
12/13/2011,24504324
12/14/2011,25912862.5
12/15/2011,25912862.5
12/16/2011,25912862.5
12/17/2011,25912862.5
12/18/2011,25514739
12/19/2011,25514739
12/20/2011,25514739
12/21/2011,34937563.5
12/22/2011,34937563.5
12/23/2011,34937563.5
12/24/2011,31385712.5
12/25/2011,31385712.5
12/26/2011,31385712.5
12/27/2011,33873775
12/28/2011,33873775
12/29/2011,33873775
12/30/2011,34532352
12/31/2011,34532352
1/1/2012,34532352
1/2/2012,42249590
1/3/2012,42249590
1/4/2012,42249590
1/5/2012,42249590
1/6/2012,53065980
1/7/2012,53065980
1/8/2012,56927604
1/9/2012,56927604
1/10/2012,56927604
1/11/2012,56207082.5
1/12/2012,56207082.5
1/13/2012,56207082.5
1/14/2012,56207082.5
1/15/2012,55239655.5
1/16/2012,55239655.5
1/17/2012,55239655.5
1/18/2012,56705480.5
1/19/2012,56705480.5
1/20/2012,56705480.5
1/21/2012,53600031
1/22/2012,53600031
1/23/2012,53600031
1/24/2012,52938187
1/25/2012,52938187
1/26/2012,52938187
1/27/2012,49889136
1/28/2012,49889136
1/29/2012,49889136
1/30/2012,47068164
1/31/2012,47068164
2/1/2012,47068164
2/2/2012,47611155
2/3/2012,47611155
2/4/2012,47611155
2/5/2012,49565153.5
2/6/2012,49565153.5
2/7/2012,49565153.5
2/8/2012,47626502
2/9/2012,47626502
2/10/2012,47626502
2/11/2012,49420503
2/12/2012,49420503
2/13/2012,49420503
2/14/2012,49420503
2/15/2012,45300861
2/16/2012,45300861
2/17/2012,45300861
2/18/2012,39317145
2/19/2012,39317145
2/20/2012,39317145
2/21/2012,37747350
2/22/2012,37747350
2/23/2012,37747350
2/24/2012,41970391
2/25/2012,41970391
2/26/2012,41970391
2/27/2012,42341441
2/28/2012,42341441
2/29/2012,42341441
3/1/2012,41611884
3/2/2012,41611884
3/3/2012,41611884
3/4/2012,40790724
3/5/2012,40790724
3/6/2012,40790724
3/7/2012,42943685
3/8/2012,42943685
3/9/2012,42943685
3/10/2012,42209145
3/11/2012,42209145
3/12/2012,42209145
3/13/2012,43352302.5
3/14/2012,43352302.5
3/15/2012,43352302.5
3/16/2012,43352302.5
3/17/2012,46299870
3/18/2012,46299870
3/19/2012,46299870
3/20/2012,44963879
3/21/2012,44963879
3/22/2012,44963879
3/23/2012,41986461.5
3/24/2012,41986461.5
3/25/2012,41986461.5
3/26/2012,40633615
3/27/2012,40633615
3/28/2012,40633615
3/29/2012,42046105
3/30/2012,42046105
3/31/2012,42046105
4/1/2012,42943667
4/2/2012,42943667
4/3/2012,42943667
4/4/2012,43583000
4/5/2012,43583000
4/6/2012,43583000
4/7/2012,43583000
4/8/2012,43174365
4/9/2012,43174365
4/10/2012,43174365
4/11/2012,42941395
4/12/2012,42941395
4/13/2012,42941395
4/14/2012,42941395
4/15/2012,44108983
4/16/2012,44108983
4/17/2012,44108983
4/18/2012,44575564
4/19/2012,44575564
4/20/2012,44575564
4/21/2012,44575564
4/22/2012,48059680
4/23/2012,48059680
4/24/2012,48059680
4/25/2012,45970684.5
4/26/2012,45970684.5
4/27/2012,45970684.5
4/28/2012,45563377.5
4/29/2012,45563377.5
4/30/2012,45563377.5
5/1/2012,44524000
5/2/2012,44524000
5/3/2012,44524000
5/4/2012,46247817
5/5/2012,46247817
5/6/2012,46247817
5/7/2012,45651630
5/8/2012,45651630
5/9/2012,45651630
5/10/2012,45772500
5/11/2012,45772500
5/12/2012,45772500
5/13/2012,44989750
5/14/2012,44989750
5/15/2012,44989750
5/16/2012,45917399
5/17/2012,45917399
5/18/2012,45917399
5/19/2012,45917399
5/20/2012,46483590
5/21/2012,46483590
5/22/2012,46483590
5/23/2012,46509862.5
5/24/2012,46509862.5
5/25/2012,46509862.5
5/26/2012,46509862.5
5/27/2012,46809637.5
5/28/2012,46809637.5
5/29/2012,46809637.5
5/30/2012,47017146
5/31/2012,47017146
6/1/2012,47017146
6/2/2012,48144085
6/3/2012,48144085
6/4/2012,48144085
6/5/2012,48816404
6/6/2012,48816404
6/7/2012,48816404
6/8/2012,48816404
6/9/2012,52062790.5
6/10/2012,52062790.5
6/11/2012,52062790.5
6/12/2012,51367527
6/13/2012,51367527
6/14/2012,51367527
6/15/2012,55374300
6/16/2012,55374300
6/17/2012,55374300
6/18/2012,60235728
6/19/2012,60235728
6/20/2012,60235728
6/21/2012,62063799
6/22/2012,62063799
6/23/2012,62063799
6/24/2012,61750672
6/25/2012,61750672
6/26/2012,61750672
6/27/2012,60413364
6/28/2012,60413364
6/29/2012,60413364
6/30/2012,62336152.5
7/1/2012,62336152.5
7/2/2012,62336152.5
7/3/2012,63243112.5
7/4/2012,63243112.5
7/5/2012,63243112.5
7/6/2012,63492286
7/7/2012,63492286
7/8/2012,63492286
7/9/2012,64781048
7/10/2012,64781048
7/11/2012,64781048
7/12/2012,64781048
7/13/2012,70418297
7/14/2012,70418297
7/15/2012,70418297
7/16/2012,73817640
7/17/2012,73817640
7/18/2012,73817640
7/19/2012,88894595.5
7/20/2012,88894595.5
7/21/2012,88894595.5
7/22/2012,90632206
7/23/2012,90632206
7/24/2012,90632206
7/25/2012,84948831
7/26/2012,84948831
7/27/2012,84948831
7/28/2012,85548575
7/29/2012,85548575
7/30/2012,85548575
7/31/2012,88358026
8/1/2012,88358026
8/2/2012,88358026
8/3/2012,97230430
8/4/2012,97230430
8/5/2012,97230430
8/6/2012,107964631
8/7/2012,107964631
8/8/2012,107964631
8/9/2012,109577440
8/10/2012,109577440
8/11/2012,109577440
8/12/2012,112658322
8/13/2012,112658322
8/14/2012,112658322
8/15/2012,119335215
8/16/2012,119335215
8/17/2012,119335215
8/18/2012,149489388.5
8/19/2012,149489388.5
8/20/2012,149489388.5
8/21/2012,101888022.5
8/22/2012,101888022.5
8/23/2012,101888022.5
8/24/2012,100179400
8/25/2012,100179400
8/26/2012,100179400
8/27/2012,107675074.5
8/28/2012,107675074.5
8/29/2012,107675074.5
8/30/2012,109412624
8/31/2012,109412624
9/1/2012,109412624
9/2/2012,102004560
9/3/2012,102004560
9/4/2012,102004560
9/5/2012,104524888.5
9/6/2012,104524888.5
9/7/2012,104524888.5
9/8/2012,111508197.5
9/9/2012,111508197.5
9/10/2012,111508197.5
9/11/2012,110487634
9/12/2012,110487634
9/13/2012,110487634
9/14/2012,110487634
9/15/2012,116929680
9/16/2012,116929680
9/17/2012,116929680
9/18/2012,119517519
9/19/2012,119517519
9/20/2012,119517519
9/21/2012,126506316
9/22/2012,126506316
9/23/2012,126506316
9/24/2012,123011216
9/25/2012,123011216
9/26/2012,123011216
9/27/2012,123707584
9/28/2012,123707584
9/29/2012,123707584
9/30/2012,123707584
10/1/2012,125636160
10/2/2012,125636160
10/3/2012,125636160
10/4/2012,130688810
10/5/2012,130688810
10/6/2012,130688810
10/7/2012,130688810
10/8/2012,127271231
10/9/2012,127271231
10/10/2012,127271231
10/11/2012,123316992
10/12/2012,123316992
10/13/2012,123316992
10/14/2012,123316992
10/15/2012,122083451.5
10/16/2012,122083451.5
10/17/2012,122083451.5
10/18/2012,122075002
10/19/2012,122075002
10/20/2012,122075002
10/21/2012,120936128
10/22/2012,120936128
10/23/2012,120936128
10/24/2012,122451862
10/25/2012,122451862
10/26/2012,122451862
10/27/2012,113314560
10/28/2012,113314560
10/29/2012,113314560
10/30/2012,112453305
10/31/2012,112453305
11/1/2012,112453305
11/2/2012,112453305
11/3/2012,114067310
11/4/2012,114067310
11/5/2012,114067310
11/6/2012,112693465
11/7/2012,112693465
11/8/2012,112693465
11/9/2012,114409728
11/10/2012,114409728
11/11/2012,114409728
11/12/2012,114409728
11/13/2012,116027816.5
11/14/2012,116027816.5
11/15/2012,116027816.5
11/16/2012,117444540
11/17/2012,117444540
11/18/2012,117444540
11/19/2012,117444540
11/20/2012,123245026.5
11/21/2012,123245026.5
11/22/2012,123245026.5
11/23/2012,128873976
11/24/2012,128873976
11/25/2012,128873976
11/26/2012,132210175.5
11/27/2012,132210175.5
11/28/2012,132210175.5
11/29/2012,130778846.3
11/30/2012,130778846.3
12/1/2012,130778846.3
12/2/2012,130778846.3
12/3/2012,133351756
12/4/2012,133351756
12/5/2012,133351756
12/6/2012,142665578.8
12/7/2012,142665578.8
12/8/2012,142665578.8
12/9/2012,142665578.8
12/10/2012,142615332.8
12/11/2012,142615332.8
12/12/2012,142615332.8
12/13/2012,145628985
12/14/2012,145628985
12/15/2012,145628985
12/16/2012,145628985
12/17/2012,143990046
12/18/2012,143990046
12/19/2012,143990046
12/20/2012,143990046
12/21/2012,144886062.5
12/22/2012,144886062.5
12/23/2012,144886062.5
12/24/2012,142400866.3
12/25/2012,142400866.3
12/26/2012,142400866.3
12/27/2012,142400866.3
12/28/2012,143196205.3
12/29/2012,143196205.3
12/30/2012,143196205.3
12/31/2012,143990252.3
1/1/2013,143990252.3
1/2/2013,143990252.3
1/3/2013,142554621
1/4/2013,142554621
1/5/2013,142554621
1/6/2013,143985037
1/7/2013,143985037
1/8/2013,143985037
1/9/2013,147334758
1/10/2013,147334758
1/11/2013,147334758
1/12/2013,152500954.5
1/13/2013,152500954.5
1/14/2013,152500954.5
1/15/2013,152500954.5
1/16/2013,155013305
1/17/2013,155013305
1/18/2013,155013305
1/19/2013,170345202.5
1/20/2013,170345202.5
1/21/2013,170345202.5
1/22/2013,170345202.5
1/23/2013,188063924.8
1/24/2013,188063924.8
1/25/2013,188063924.8
1/26/2013,198434083.5
1/27/2013,198434083.5
1/28/2013,198434083.5
1/29/2013,201114449.8
1/30/2013,201114449.8
1/31/2013,201114449.8
2/1/2013,229548705
2/2/2013,229548705
2/3/2013,229548705
2/4/2013,223030856.3
2/5/2013,223030856.3
2/6/2013,223030856.3
2/7/2013,231443194
2/8/2013,231443194
2/9/2013,231443194
2/10/2013,256440587.5
2/11/2013,256440587.5
2/12/2013,256440587.5
2/13/2013,270938435
2/14/2013,270938435
2/15/2013,293330920
2/16/2013,293330920
2/17/2013,293330920
2/18/2013,290514305.3
2/19/2013,290514305.3
2/20/2013,290514305.3
2/21/2013,321945743.3
2/22/2013,321945743.3
2/23/2013,330180620
2/24/2013,330180620
2/25/2013,330180620
2/26/2013,329232000
2/27/2013,329232000
2/28/2013,339009796.3
3/1/2013,339009796.3
3/2/2013,339009796.3
3/3/2013,371701550
3/4/2013,371701550
3/5/2013,371701550
3/6/2013,441623632.5
3/7/2013,441623632.5
3/8/2013,441623632.5
3/9/2013,478508800
3/10/2013,478508800
3/11/2013,478508800
3/12/2013,524731710
3/13/2013,524731710
3/14/2013,524731710
3/15/2013,510673251
3/16/2013,510673251
3/17/2013,515463243.8
3/18/2013,515463243.8
3/19/2013,515463243.8
3/20/2013,650103318
3/21/2013,650103318
3/22/2013,767967731.3
3/23/2013,767967731.3
3/24/2013,700477432.5
3/25/2013,700477432.5
3/26/2013,811724745
3/27/2013,811724745
3/28/2013,811724745
3/29/2013,959494375
3/30/2013,959494375
3/31/2013,959494375
4/1/2013,1023591263
4/2/2013,1023591263
4/3/2013,1289355388
4/4/2013,1289355388
4/5/2013,1289355388
4/6/2013,1563028950
4/7/2013,1563028950
4/8/2013,1563028950
4/9/2013,2058551124
4/10/2013,2058551124
4/11/2013,1762173378
4/12/2013,1762173378
4/13/2013,1762173378
4/14/2013,1103302500
4/15/2013,1103302500
4/16/2013,1103302500
4/17/2013,751007300
4/18/2013,751007300
4/19/2013,751007300
4/20/2013,1314714114
4/21/2013,1314714114
4/22/2013,1314714114
4/23/2013,1405464550
4/24/2013,1405464550
4/25/2013,1717842200
4/26/2013,1717842200
4/27/2013,1717842200
4/28/2013,1424933288
4/29/2013,1424933288
4/30/2013,1424933288
5/1/2013,1542924325
5/2/2013,1542924325
5/3/2013,1542924325
5/4/2013,1075578680
5/5/2013,1075578680
5/6/2013,1075578680
5/7/2013,1249056750
5/8/2013,1249056750
5/9/2013,1262007729
5/10/2013,1262007729
5/11/2013,1262007729
5/12/2013,1289233356
5/13/2013,1289233356
5/14/2013,1289233356
5/15/2013,1249491600
5/16/2013,1249491600
5/17/2013,1249491600
5/18/2013,1377145270
5/19/2013,1377145270
5/20/2013,1377145270
5/21/2013,1363988368
5/22/2013,1363988368
5/23/2013,1376314650
5/24/2013,1376314650
5/25/2013,1376314650
5/26/2013,1478383693
5/27/2013,1478383693
5/28/2013,1478383693
5/29/2013,1446341550
5/30/2013,1446341550
5/31/2013,1446429906
6/1/2013,1446429906
6/2/2013,1446429906
6/3/2013,1375321369
6/4/2013,1375321369
6/5/2013,1365468072
6/6/2013,1365468072
6/7/2013,1339245290
6/8/2013,1339245290
6/9/2013,1339245290
6/10/2013,1129088670
6/11/2013,1129088670
6/12/2013,1229487300
6/13/2013,1229487300
6/14/2013,1229487300
6/15/2013,1128861683
6/16/2013,1128861683
6/17/2013,1129069800
6/18/2013,1129069800
6/19/2013,1129069800
6/20/2013,1129069800
6/21/2013,1257108894
6/22/2013,1257108894
6/23/2013,1226982488
6/24/2013,1226982488
6/25/2013,1226982488
6/26/2013,1177621720
6/27/2013,1177621720
6/28/2013,1177621720
6/29/2013,1073934394
6/30/2013,1073934394
7/1/2013,1104521738
7/2/2013,1104521738
7/3/2013,1104521738
7/4/2013,888016968
7/5/2013,888016968
7/6/2013,888016968
7/7/2013,799670843.3
7/8/2013,799670843.3
7/9/2013,871307151.3
7/10/2013,871307151.3
7/11/2013,1002259973
7/12/2013,1002259973
7/13/2013,1002259973
7/14/2013,1118518100
7/15/2013,1118518100
7/16/2013,1118518100
7/17/2013,1108769561
7/18/2013,1108769561
7/19/2013,1030376843
7/20/2013,1030376843
7/21/2013,1030376843
7/22/2013,1038961486
7/23/2013,1038961486
7/24/2013,1038961486
7/25/2013,1082949923
7/26/2013,1082949923
7/27/2013,1082949923
7/28/2013,1079546988
7/29/2013,1079546988
7/30/2013,1165107102
7/31/2013,1165107102
8/1/2013,1220495535
8/2/2013,1220495535
8/3/2013,1220495535
8/4/2013,1207292325
8/5/2013,1207292325
8/6/2013,1228864792
8/7/2013,1228864792
8/8/2013,1228864792
8/9/2013,1187298411
8/10/2013,1187298411
8/11/2013,1188339325
8/12/2013,1188339325
8/13/2013,1231556034
8/14/2013,1231556034
8/15/2013,1231556034
8/16/2013,1133836676
8/17/2013,1133836676
8/18/2013,1153796758
8/19/2013,1153796758
8/20/2013,1153796758
8/21/2013,1214819796
8/22/2013,1214819796
8/23/2013,1272013396
8/24/2013,1272013396
8/25/2013,1265480076
8/26/2013,1265480076
8/27/2013,1265480076
8/28/2013,1367529696
8/29/2013,1367529696
8/30/2013,1377920963
8/31/2013,1377920963
9/1/2013,1495876410
9/2/2013,1495876410
9/3/2013,1495876410
9/4/2013,1504425837
9/5/2013,1504425837
9/6/2013,1430080403
9/7/2013,1430080403
9/8/2013,1430080403
9/9/2013,1379521049
9/10/2013,1379521049
9/11/2013,1425727438
9/12/2013,1425727438
9/13/2013,1486150362
9/14/2013,1486150362
9/15/2013,1486150362
9/16/2013,1467484985
9/17/2013,1467484985
9/18/2013,1467484985
9/19/2013,1489643008
9/20/2013,1489643008
9/21/2013,1443222288
9/22/2013,1443222288
9/23/2013,1443314984
9/24/2013,1443314984
9/25/2013,1454374969
9/26/2013,1454374969
9/27/2013,1454374969
9/28/2013,1490498800
9/29/2013,1490498800
9/30/2013,1490498800
10/1/2013,1486634781
10/2/2013,1486634781
10/3/2013,1224108509
10/4/2013,1224108509
10/5/2013,1438748721
10/6/2013,1438748721
10/7/2013,1438748721
10/8/2013,1462081095
10/9/2013,1462081095
10/10/2013,1462081095
10/11/2013,1498975710
10/12/2013,1498975710
10/13/2013,1509858593
10/14/2013,1509858593
10/15/2013,1601115684
10/16/2013,1601115684
10/17/2013,1638467009
10/18/2013,1638467009
10/19/2013,1996256470
10/20/2013,1996256470
10/21/2013,1996256470
10/22/2013,2135983545
10/23/2013,2135983545
10/24/2013,2422298550
10/25/2013,2422298550
10/26/2013,2224070879
10/27/2013,2224070879
10/28/2013,2312108464
10/29/2013,2312108464
10/30/2013,2312108464
10/31/2013,2456859809
11/1/2013,2456859809
11/2/2013,2423276975
11/3/2013,2423276975
11/4/2013,2506858240
11/5/2013,2506858240
11/6/2013,2506858240
11/7/2013,3170629138
11/8/2013,3170629138
11/9/2013,3170629138
11/10/2013,3950562000
11/11/2013,3950562000
11/12/2013,3950562000
11/13/2013,4252784445
11/14/2013,4252784445
11/15/2013,4977800500
11/16/2013,4977800500
11/17/2013,4977800500
11/18/2013,5703111250
11/19/2013,5703111250
11/20/2013,5703111250
11/21/2013,7186508691
11/22/2013,7186508691
11/23/2013,9984364705
11/24/2013,9984364705
11/25/2013,9984364705
11/26/2013,9808340964
11/27/2013,9808340964
11/28/2013,9808340964
11/29/2013,12222896595
11/30/2013,12222896595
12/1/2013,12222896595
12/2/2013,11521933022
12/3/2013,11521933022
12/4/2013,12682834810
12/5/2013,12682834810
12/6/2013,12682834810
12/7/2013,9670560000
12/8/2013,9670560000
12/9/2013,9517860000
12/10/2013,9517860000
12/11/2013,9517860000
12/12/2013,10620375964
12/13/2013,10620375964
12/14/2013,10729076250
12/15/2013,10729076250
12/16/2013,10729076250
12/17/2013,8373391500
12/18/2013,8373391500
12/19/2013,6340812300
12/20/2013,6340812300
12/21/2013,6340812300
12/22/2013,7294110719
12/23/2013,7294110719
12/24/2013,7294110719
12/25/2013,7947271200
12/26/2013,7947271200
12/27/2013,9099860625
12/28/2013,9099860625
12/29/2013,9099860625
12/30/2013,8879221175
12/31/2013,8879221175
1/1/2014,8879221175
1/2/2014,9145083863
1/3/2014,9145083863
1/4/2014,9145083863
1/5/2014,10124695862
1/6/2014,10124695862
1/7/2014,11197721195
1/8/2014,11197721195
1/9/2014,11197721195
1/10/2014,10114018369
1/11/2014,10114018369
1/12/2014,10965786125
1/13/2014,10965786125
1/14/2014,10965786125
1/15/2014,10007240400
1/16/2014,10007240400
1/17/2014,10030802253
1/18/2014,10030802253
1/19/2014,10030802253
1/20/2014,10334658783
1/21/2014,10334658783
1/22/2014,10334658783
1/23/2014,10080465399
1/24/2014,10080465399
1/25/2014,9602923723
1/26/2014,9602923723
1/27/2014,9602923723
1/28/2014,9212566760
1/29/2014,9212566760
1/30/2014,9212566760
1/31/2014,9867920000
2/1/2014,9867920000
2/2/2014,9867920000
2/3/2014,10054350603
2/4/2014,10054350603
2/5/2014,9923852289
2/6/2014,9923852289
2/7/2014,9923852289
2/8/2014,8783320707
2/9/2014,8783320707
2/10/2014,8783320707
2/11/2014,8527494015
2/12/2014,8527494015
2/13/2014,8527494015
2/14/2014,7560660250
2/15/2014,7560660250
2/16/2014,8135148079
2/17/2014,8135148079
2/18/2014,8135148079
2/19/2014,7818736552
2/20/2014,7818736552
2/21/2014,7818736552
2/22/2014,7203750013
2/23/2014,7203750013
2/24/2014,7203750013
2/25/2014,6752635075
2/26/2014,6752635075
2/27/2014,6752635075
2/28/2014,7262252156
3/1/2014,7262252156
3/2/2014,7262252156
3/3/2014,6994463850
3/4/2014,6994463850
3/5/2014,6994463850
3/6/2014,8370386303
3/7/2014,8370386303
3/8/2014,8370386303
3/9/2014,7775097710
3/10/2014,7775097710
3/11/2014,7775097710
3/12/2014,7904378895
3/13/2014,7904378895
3/14/2014,7904378895
3/15/2014,7890856817
3/16/2014,7890856817
3/17/2014,7890856817
3/18/2014,7827038443
3/19/2014,7827038443
3/20/2014,7827038443
3/21/2014,7344009600
3/22/2014,7344009600
3/23/2014,7344009600
3/24/2014,7024157413
3/25/2014,7024157413
3/26/2014,7360656377
3/27/2014,7360656377
3/28/2014,7360656377
3/29/2014,6283644060
3/30/2014,6283644060
3/31/2014,6283644060
4/1/2014,5759616104
4/2/2014,5759616104
4/3/2014,5759616104
4/4/2014,5654646042
4/5/2014,5654646042
4/6/2014,5840189400
4/7/2014,5840189400
4/8/2014,5840189400
4/9/2014,5840189400
4/10/2014,5579797132
4/11/2014,5579797132
4/12/2014,5579797132
4/13/2014,5350613566
4/14/2014,5350613566
4/15/2014,5814675820
4/16/2014,5814675820
4/17/2014,5814675820
4/18/2014,6308669235
4/19/2014,6308669235
4/20/2014,6308669235
4/21/2014,6357282809
4/22/2014,6357282809
4/23/2014,6357282809
4/24/2014,6242319921
4/25/2014,6242319921
4/26/2014,6242319921
4/27/2014,5860969055
4/28/2014,5860969055
4/29/2014,5860969055
4/30/2014,5695300800
5/1/2014,5695300800
5/2/2014,5695300800
5/3/2014,5695300800
5/4/2014,5599077000
5/5/2014,5599077000
5/6/2014,5599077000
5/7/2014,5451648972
5/8/2014,5451648972
5/9/2014,5451648972
5/10/2014,5724525500
5/11/2014,5724525500
5/12/2014,5724525500
5/13/2014,5646414165
5/14/2014,5646414165
5/15/2014,5646414165
5/16/2014,5703873751
5/17/2014,5703873751
5/18/2014,5736589193
5/19/2014,5736589193
5/20/2014,5736589193
5/21/2014,6247264835
5/22/2014,6247264835
5/23/2014,6247264835
5/24/2014,6675590633
5/25/2014,6675590633
5/26/2014,6675590633
5/27/2014,7499667666
5/28/2014,7499667666
5/29/2014,7499667666
5/30/2014,7302859268
5/31/2014,7302859268
6/1/2014,7302859268
6/2/2014,8102195267
6/3/2014,8102195267
6/4/2014,8102195267
6/5/2014,8265829594
6/6/2014,8265829594
6/7/2014,8265829594
6/8/2014,8456953692
6/9/2014,8456953692
6/10/2014,8456953692
6/11/2014,8354458963
6/12/2014,8354458963
6/13/2014,8354458963
6/14/2014,7627356968
6/15/2014,7627356968
6/16/2014,7627356968
6/17/2014,7562974600
6/18/2014,7562974600
6/19/2014,7854144000
6/20/2014,7854144000
6/21/2014,7854144000
6/22/2014,7641275314
6/23/2014,7641275314
6/24/2014,7641275314
6/25/2014,7441477407
6/26/2014,7441477407
6/27/2014,7478920094
6/28/2014,7478920094
6/29/2014,7478920094
6/30/2014,7779605338
7/1/2014,7779605338
7/2/2014,7779605338
7/3/2014,7779605338
7/4/2014,8375239364
7/5/2014,8375239364
7/6/2014,8375239364
7/7/2014,8232029104
7/8/2014,8232029104
7/9/2014,8232029104
7/10/2014,8086282925
7/11/2014,8086282925
7/12/2014,8086282925
7/13/2014,8279055666
7/14/2014,8279055666
7/15/2014,8279055666
7/16/2014,8128854989
7/17/2014,8128854989
7/18/2014,8128854989
7/19/2014,8237760171
7/20/2014,8237760171
7/21/2014,8237760171
7/22/2014,8119759274
7/23/2014,8119759274
7/24/2014,8119759274
7/25/2014,7888442352
7/26/2014,7888442352
7/27/2014,7888442352
7/28/2014,7761252850
7/29/2014,7761252850
7/30/2014,7761252850
7/31/2014,7761252850
8/1/2014,7616357175
8/2/2014,7616357175
8/3/2014,7616357175
8/4/2014,7646655809
8/5/2014,7646655809
8/6/2014,7646655809
8/7/2014,7639386345
8/8/2014,7639386345
8/9/2014,7639386345
8/10/2014,7736554320
8/11/2014,7736554320
8/12/2014,7736554320
8/13/2014,7473306214
8/14/2014,7473306214
8/15/2014,6632137107
8/16/2014,6632137107
8/17/2014,6632137107
8/18/2014,6554846135
8/19/2014,6554846135
8/20/2014,6554846135
8/21/2014,6832859400
8/22/2014,6832859400
8/23/2014,6832859400
8/24/2014,6528661522
8/25/2014,6528661522
8/26/2014,6528661522
8/27/2014,6780596240
8/28/2014,6780596240
8/29/2014,6780596240
8/30/2014,6725764870
8/31/2014,6725764870
9/1/2014,6725764870
9/2/2014,6296502662
9/3/2014,6296502662
9/4/2014,6296502662
9/5/2014,6467884539
9/6/2014,6467884539
9/7/2014,6467884539
9/8/2014,6310365132
9/9/2014,6310365132
9/10/2014,6310365132
9/11/2014,6332109282
9/12/2014,6332109282
9/13/2014,6332109282
9/14/2014,6326975719
9/15/2014,6326975719
9/16/2014,6326975719
9/17/2014,6153256900
9/18/2014,6153256900
9/19/2014,6153256900
9/20/2014,5258582893
9/21/2014,5258582893
9/22/2014,5336267789
9/23/2014,5336267789
9/24/2014,5336267789
9/25/2014,5336267789
9/26/2014,5461505519
9/27/2014,5461505519
9/28/2014,5461505519
9/29/2014,5000551431
9/30/2014,5000551431
10/1/2014,5000551431
10/2/2014,5122344722
10/3/2014,5122344722
10/4/2014,5122344722
10/5/2014,4383998290
10/6/2014,4383998290
10/7/2014,4383998290
10/8/2014,4463534339
10/9/2014,4463534339
10/10/2014,4463534339
10/11/2014,4463534339
10/12/2014,4840484033
10/13/2014,4840484033
10/14/2014,4840484033
10/15/2014,5387623500
10/16/2014,5387623500
10/17/2014,5387623500
10/18/2014,5132926580
10/19/2014,5132926580
10/20/2014,5132926580
10/21/2014,5114939921
10/22/2014,5114939921
10/23/2014,5114939921
10/24/2014,4793847250
10/25/2014,4793847250
10/26/2014,4793847250
10/27/2014,4793847250
10/28/2014,4713376525
10/29/2014,4713376525
10/30/2014,4713376525
10/31/2014,4642256363
11/1/2014,4642256363
11/2/2014,4366549771
11/3/2014,4366549771
11/4/2014,4366549771
11/5/2014,4447488106
11/6/2014,4447488106
11/7/2014,4447488106
11/8/2014,4447488106
11/9/2014,4676655792
11/10/2014,4676655792
11/11/2014,4676655792
11/12/2014,4983802663
11/13/2014,4983802663
11/14/2014,4983802663
11/15/2014,5389102508
11/16/2014,5389102508
11/17/2014,5389102508
11/18/2014,5255412780
11/19/2014,5255412780
11/20/2014,5255412780
11/21/2014,4821631044
11/22/2014,4821631044
11/23/2014,4821631044
11/24/2014,4821631044
11/25/2014,5071007853
11/26/2014,5071007853
11/27/2014,5071007853
11/28/2014,5012945512
11/29/2014,5012945512
11/30/2014,5012945512
12/1/2014,5099483841
12/2/2014,5099483841
12/3/2014,5099483841
12/4/2014,5099483841
12/5/2014,5004864473
12/6/2014,5004864473
12/7/2014,5004864473
12/8/2014,5108142851
12/9/2014,5108142851
12/10/2014,5108142851
12/11/2014,4742471471
12/12/2014,4742471471
12/13/2014,4742471471
12/14/2014,4742471471
12/15/2014,4869255475
12/16/2014,4869255475
12/17/2014,4869255475
12/18/2014,4376948040
12/19/2014,4376948040
12/20/2014,4376948040
12/21/2014,4376948040
12/22/2014,4362528000
12/23/2014,4362528000
12/24/2014,4362528000
12/25/2014,4416516496
12/26/2014,4416516496
12/27/2014,4416516496
12/28/2014,4316619867
12/29/2014,4316619867
12/30/2014,4316619867
12/31/2014,4250895725
1/1/2015,4250895725
1/2/2015,4250895725
1/3/2015,4329943840
1/4/2015,4329943840
1/5/2015,4329943840
1/6/2015,3755558329
1/7/2015,3755558329
1/8/2015,3755558329
1/9/2015,3898743419
1/10/2015,3898743419
1/11/2015,3898743419
1/12/2015,3698984816
1/13/2015,3698984816
1/14/2015,3698984816
1/15/2015,2361190200
1/16/2015,2361190200
1/17/2015,2361190200
1/18/2015,2361190200
1/19/2015,2912541606
1/20/2015,2912541606
1/21/2015,2912541606
1/22/2015,3088471844
1/23/2015,3088471844
1/24/2015,3088471844
1/25/2015,3088471844
1/26/2015,3500295172
1/27/2015,3500295172
1/28/2015,3500295172
1/29/2015,3253784910
1/30/2015,3253784910
1/31/2015,3253784910
2/1/2015,3022975150
2/2/2015,3022975150
2/3/2015,3022975150
2/4/2015,3139788859
2/5/2015,3139788859
2/6/2015,3139788859
2/7/2015,3071164053
2/8/2015,3071164053
2/9/2015,3071164053
2/10/2015,3071164053
2/11/2015,3046146460
2/12/2015,3046146460
2/13/2015,3046146460
2/14/2015,3277511500
2/15/2015,3277511500
2/16/2015,3277511500
2/17/2015,3247039425
2/18/2015,3247039425
2/19/2015,3247039425
2/20/2015,3345333489
2/21/2015,3345333489
2/22/2015,3345333489
2/23/2015,3273119294
2/24/2015,3273119294
2/25/2015,3273119294
2/26/2015,3303529286
2/27/2015,3303529286
2/28/2015,3303529286
3/1/2015,3303529286
3/2/2015,3571446274
3/3/2015,3571446274
3/4/2015,3571446274
3/5/2015,3755434106
3/6/2015,3755434106
3/7/2015,3755434106
3/8/2015,3850457049
3/9/2015,3850457049
3/10/2015,3850457049
3/11/2015,4039598500
3/12/2015,4039598500
3/13/2015,4039598500
3/14/2015,4039598500
3/15/2015,3934220750
3/16/2015,3934220750
3/17/2015,3934220750
3/18/2015,3969306768
3/19/2015,3969306768
3/20/2015,3969306768
3/21/2015,3660128213
3/22/2015,3660128213
3/23/2015,3660128213
3/24/2015,3717516139
3/25/2015,3717516139
3/26/2015,3717516139
3/27/2015,3486198086
3/28/2015,3486198086
3/29/2015,3486198086
3/30/2015,3392626713
3/31/2015,3392626713
4/1/2015,3392626713
4/2/2015,3453626850
4/3/2015,3453626850
4/4/2015,3453626850
4/5/2015,3453626850
4/6/2015,3653311038
4/7/2015,3653311038
4/8/2015,3653311038
4/9/2015,3438556625
4/10/2015,3438556625
4/11/2015,3438556625
4/12/2015,3438556625
4/13/2015,3322038638
4/14/2015,3322038638
4/15/2015,3322038638
4/16/2015,3128674665
4/17/2015,3128674665
4/18/2015,3128674665
4/19/2015,3143356359
4/20/2015,3143356359
4/21/2015,3143356359
4/22/2015,3321204323
4/23/2015,3321204323
4/24/2015,3321204323
4/25/2015,3321204323
4/26/2015,3189212458
4/27/2015,3189212458
4/28/2015,3189212458
4/29/2015,3176457260
4/30/2015,3176457260
5/1/2015,3176457260
5/2/2015,3260551522
5/3/2015,3260551522
5/4/2015,3260551522
5/5/2015,3366079388
5/6/2015,3366079388
5/7/2015,3366079388
5/8/2015,3366079388
5/9/2015,3439431843
5/10/2015,3439431843
5/11/2015,3439431843
5/12/2015,3409912353
5/13/2015,3409912353
5/14/2015,3409912353
5/15/2015,3358272545
5/16/2015,3358272545
5/17/2015,3358272545
5/18/2015,3343031748
5/19/2015,3343031748
5/20/2015,3343031748
5/21/2015,3321382950
5/22/2015,3321382950
5/23/2015,3321382950
5/24/2015,3321382950
5/25/2015,3401340506
5/26/2015,3401340506
5/27/2015,3401340506
5/28/2015,3343855107
5/29/2015,3343855107
5/30/2015,3343855107
5/31/2015,3343855107
6/1/2015,3247474314
6/2/2015,3247474314
6/3/2015,3247474314
6/4/2015,3208230900
6/5/2015,3208230900
6/6/2015,3208230900
6/7/2015,3205083796
6/8/2015,3205083796
6/9/2015,3205083796
6/10/2015,3263170770
6/11/2015,3263170770
6/12/2015,3263170770
6/13/2015,3276150920
6/14/2015,3276150920
6/15/2015,3276150920
6/16/2015,3370268800
6/17/2015,3370268800
6/18/2015,3370268800
6/19/2015,3370268800
6/20/2015,3485232221
6/21/2015,3485232221
6/22/2015,3485232221
6/23/2015,3529835096
6/24/2015,3529835096
6/25/2015,3529835096
6/26/2015,3465593072
6/27/2015,3465593072
6/28/2015,3465593072
6/29/2015,3561411532
6/30/2015,3561411532
7/1/2015,3561411532
7/2/2015,3561411532
7/3/2015,3651894722
7/4/2015,3651894722
7/5/2015,3651894722
7/6/2015,3893952856
7/7/2015,3893952856
7/8/2015,3893952856
7/9/2015,3882313860
7/10/2015,3882313860
7/11/2015,3882313860
7/12/2015,4192040651
7/13/2015,4192040651
7/14/2015,4192040651
7/15/2015,4141873160
7/16/2015,4141873160
7/17/2015,4141873160
7/18/2015,4022946724
7/19/2015,4022946724
7/20/2015,4022946724
7/21/2015,4020108610
7/22/2015,4020108610
7/23/2015,4020108610
7/24/2015,3988524607
7/25/2015,3988524607
7/26/2015,3988524607
7/27/2015,3988524607
7/28/2015,4242137377
7/29/2015,4242137377
7/30/2015,4242137377
7/31/2015,4166379011
8/1/2015,4166379011
8/2/2015,4166379011
8/3/2015,4080279995
8/4/2015,4080279995
8/5/2015,4080279995
8/6/2015,4065311300
8/7/2015,4065311300
8/8/2015,4065311300
8/9/2015,3796644047
8/10/2015,3796644047
8/11/2015,3796644047
8/12/2015,3926608592
8/13/2015,3926608592
8/14/2015,3926608592
8/15/2015,3926608592
8/16/2015,3791244789
8/17/2015,3791244789
8/18/2015,3791244789
8/19/2015,3223643460
8/20/2015,3223643460
8/21/2015,3223643460
8/22/2015,3391541483
8/23/2015,3391541483
8/24/2015,3391541483
8/25/2015,3066714972
8/26/2015,3066714972
8/27/2015,3066714972
8/28/2015,3275063485
8/29/2015,3275063485
8/30/2015,3275063485
8/31/2015,3325546822
9/1/2015,3325546822
9/2/2015,3325546822
9/3/2015,3340874156
9/4/2015,3340874156
9/5/2015,3340874156
9/6/2015,3340874156
9/7/2015,3503130845
9/8/2015,3503130845
9/9/2015,3503130845
9/10/2015,3478167225
9/11/2015,3478167225
9/12/2015,3478167225
9/13/2015,3428841948
9/14/2015,3428841948
9/15/2015,3428841948
9/16/2015,3355673953
9/17/2015,3355673953
9/18/2015,3355673953
9/19/2015,3401941990
9/20/2015,3401941990
9/21/2015,3401941990
9/22/2015,3401941990
9/23/2015,3373890287
9/24/2015,3373890287
9/25/2015,3373890287
9/26/2015,3442283325
9/27/2015,3442283325
9/28/2015,3442283325
9/29/2015,3530082130
9/30/2015,3530082130
10/1/2015,3530082130
10/2/2015,3502533585
10/3/2015,3502533585
10/4/2015,3502533585
10/5/2015,3503386125
10/6/2015,3503386125
10/7/2015,3503386125
10/8/2015,3589812771
10/9/2015,3589812771
10/10/2015,3589812771
10/11/2015,3589812771
10/12/2015,3642471945
10/13/2015,3642471945
10/14/2015,3642471945
10/15/2015,3762167567
10/16/2015,3762167567
10/17/2015,3762167567
10/18/2015,4017668156
10/19/2015,4017668156
10/20/2015,4017668156
10/21/2015,3944795401
10/22/2015,3944795401
10/23/2015,3944795401
10/24/2015,4172432908
10/25/2015,4172432908
10/26/2015,4172432908
10/27/2015,4377976690
10/28/2015,4377976690
10/29/2015,4377976690
10/30/2015,4841704037
10/31/2015,4841704037
11/1/2015,4841704037
11/2/2015,5404257333
11/3/2015,5404257333
11/4/2015,5404257333
11/5/2015,5872868628
11/6/2015,5872868628
11/7/2015,5872868628
11/8/2015,5872868628
11/9/2015,5485679317
11/10/2015,5485679317
11/11/2015,5485679317
11/12/2015,4737981839
11/13/2015,4737981839
11/14/2015,4737981839
11/15/2015,4968599400
11/16/2015,4968599400
11/17/2015,4968599400
11/18/2015,5019515324
11/19/2015,5019515324
11/20/2015,5019515324
11/21/2015,4772119305
11/22/2015,4772119305
11/23/2015,4813695620
11/24/2015,4813695620
11/25/2015,4813695620
11/26/2015,5176486451
11/27/2015,5176486451
11/28/2015,5176486451
11/29/2015,5502225185
11/30/2015,5502225185
12/1/2015,5502225185
12/2/2015,5362589783
12/3/2015,5362589783
12/4/2015,5362589783
12/5/2015,5670631613
12/6/2015,5670631613
12/7/2015,5670631613
12/8/2015,5947336040
12/9/2015,5947336040
12/10/2015,6254559177
12/11/2015,6254559177
12/12/2015,6254559177
12/13/2015,6662005429
12/14/2015,6662005429
12/15/2015,6662005429
12/16/2015,6784348310
12/17/2015,6784348310
12/18/2015,6784348310
12/19/2015,6942672947
12/20/2015,6942672947
12/21/2015,6942672947
12/22/2015,6594079005
12/23/2015,6594079005
12/24/2015,6594079005
12/25/2015,6908205229
12/26/2015,6908205229
12/27/2015,6332441220
12/28/2015,6332441220
12/29/2015,6332441220
12/30/2015,6366471037
12/31/2015,6366471037
1/1/2016,6366471037
1/2/2016,6538607474
1/3/2016,6538607474
1/4/2016,6538607474
1/5/2016,6503507091
1/6/2016,6503507091
1/7/2016,6503507091
1/8/2016,6844155174
1/9/2016,6844155174
1/10/2016,6844155174
1/11/2016,6736038727
1/12/2016,6736038727
1/13/2016,6736038727
1/14/2016,6488352409
1/15/2016,6488352409
1/16/2016,6488352409
1/17/2016,5746708136
1/18/2016,5746708136
1/19/2016,5746708136
1/20/2016,5723905481
1/21/2016,5723905481
1/22/2016,5723905481
1/23/2016,5894708639
1/24/2016,5894708639
1/25/2016,5968622372
1/26/2016,5968622372
1/27/2016,5968622372
1/28/2016,5811227857
1/29/2016,5811227857
1/30/2016,5811227857
1/31/2016,5708721646
2/1/2016,5708721646
2/2/2016,5660387425
2/3/2016,5660387425
2/4/2016,5660387425
2/5/2016,5884453588
2/6/2016,5884453588
2/7/2016,5884453588
2/8/2016,5722397320
2/9/2016,5722397320
2/10/2016,5781468940
2/11/2016,5781468940
2/12/2016,5781468940
2/13/2016,5932347795
2/14/2016,5932347795
2/15/2016,5932347795
2/16/2016,6076424912
2/17/2016,6076424912
2/18/2016,6076424912
2/19/2016,6409370498
2/20/2016,6409370498
2/21/2016,6409370498
2/22/2016,6627806661
2/23/2016,6627806661
2/24/2016,6627806661
2/25/2016,6460257894
2/26/2016,6460257894
2/27/2016,6460257894
2/28/2016,6628047735
2/29/2016,6628047735
3/1/2016,6628047735
3/2/2016,6628047735
3/3/2016,6421375181
3/4/2016,6421375181
3/5/2016,6055411845
3/6/2016,6055411845
3/7/2016,6055411845
3/8/2016,6055411845
3/9/2016,6278372643
3/10/2016,6278372643
3/11/2016,6461406793
3/12/2016,6461406793
3/13/2016,6461406793
3/14/2016,6354771691
3/15/2016,6354771691
3/16/2016,6354771691
3/17/2016,6407954010
3/18/2016,6407954010
3/19/2016,6407954010
3/20/2016,6407954010
3/21/2016,6282220554
3/22/2016,6282220554
3/23/2016,6282220554
3/24/2016,6391927380
3/25/2016,6391927380
3/26/2016,6391927380
3/27/2016,6390579216
3/28/2016,6390579216
3/29/2016,6373203602
3/30/2016,6373203602
3/31/2016,6373203602
4/1/2016,6373203602
4/2/2016,6474119216
4/3/2016,6474119216
4/4/2016,6474119216
4/5/2016,6471032891
4/6/2016,6471032891
4/7/2016,6471032891
4/8/2016,6490653125
4/9/2016,6490653125
4/10/2016,6495792076
4/11/2016,6495792076
4/12/2016,6495792076
4/13/2016,6558905684
4/14/2016,6558905684
4/15/2016,6558905684
4/16/2016,6659738631
4/17/2016,6659738631
4/18/2016,6659738631
4/19/2016,6641206618
4/20/2016,6641206618
4/21/2016,6641206618
4/22/2016,6949974006
4/23/2016,6949974006
4/24/2016,6949974006
4/25/2016,7217833378
4/26/2016,7217833378
4/27/2016,7217833378
4/28/2016,7217833378
4/29/2016,6923439168
4/30/2016,6923439168
5/1/2016,6923439168
5/2/2016,6994767229
5/3/2016,6994767229
5/4/2016,6930663696
5/5/2016,6930663696
5/6/2016,6930663696
5/7/2016,7151604010
5/8/2016,7151604010
5/9/2016,7151604010
5/10/2016,6990289320
5/11/2016,6990289320
5/12/2016,6990289320
5/13/2016,7074107420
5/14/2016,7074107420
5/15/2016,7074107420
5/16/2016,7098512716
5/17/2016,7098512716
5/18/2016,7098512716
5/19/2016,6869177150
5/20/2016,6869177150
5/21/2016,6869177150
5/22/2016,6790770169
5/23/2016,6790770169
5/24/2016,6790770169
5/25/2016,6956157159
5/26/2016,6956157159
5/27/2016,6956157159
5/28/2016,7909656351
5/29/2016,7909656351
5/30/2016,7909656351
5/31/2016,7909656351
6/1/2016,8373021375
6/2/2016,8373021375
6/3/2016,8373021375
6/4/2016,9015563708
6/5/2016,9015563708
6/6/2016,9015563708
6/7/2016,9260338790
6/8/2016,9260338790
6/9/2016,9260338790
6/10/2016,9026683715
6/11/2016,9026683715
6/12/2016,9026683715
6/13/2016,10809675059
6/14/2016,10809675059
6/15/2016,10809675059
6/16/2016,11507893294
6/17/2016,11507893294
6/18/2016,11833731095
6/19/2016,11833731095
6/20/2016,11833731095
6/21/2016,10566278166
6/22/2016,10566278166
6/23/2016,10566278166
6/24/2016,10566278166
6/25/2016,10465612185
6/26/2016,10465612185
6/27/2016,10161026883
6/28/2016,10161026883
6/29/2016,10161026883
6/30/2016,10161026883
7/1/2016,10630639481
7/2/2016,10630639481
7/3/2016,10390769286
7/4/2016,10390769286
7/5/2016,10390769286
7/6/2016,10390769286
7/7/2016,10722164879
7/8/2016,10722164879
7/9/2016,10722164879
7/10/2016,10216961963
7/11/2016,10216961963
7/12/2016,10216961963
7/13/2016,10476430596
7/14/2016,10476430596
7/15/2016,10476430596
7/16/2016,10495890829
7/17/2016,10495890829
7/18/2016,10495890829
7/19/2016,10574017616
7/20/2016,10574017616
7/21/2016,10574017616
7/22/2016,10279620293
7/23/2016,10279620293
7/24/2016,10279620293
7/25/2016,10279620293
7/26/2016,10348884565
7/27/2016,10348884565
7/28/2016,10348884565
7/29/2016,10337380078
7/30/2016,10337380078
7/31/2016,10337380078
8/1/2016,9797051342
8/2/2016,9797051342
8/3/2016,9797051342
8/4/2016,8934281398
8/5/2016,8934281398
8/6/2016,8934281398
8/7/2016,9273798200
8/8/2016,9273798200
8/9/2016,9273798200
8/10/2016,9253313796
8/11/2016,9253313796
8/12/2016,9253313796
8/13/2016,9219731617
8/14/2016,9219731617
8/15/2016,8957861063
8/16/2016,8957861063
8/17/2016,8957861063
8/18/2016,8957861063
8/19/2016,9039493106
8/20/2016,9039493106
8/21/2016,9039493106
8/22/2016,9175623165
8/23/2016,9175623165
8/24/2016,9134175138
8/25/2016,9134175138
8/26/2016,9134175138
8/27/2016,9134175138
8/28/2016,9005971122
8/29/2016,9005971122
8/30/2016,9005971122
8/31/2016,9071074136
9/1/2016,9071074136
9/2/2016,9071074136
9/3/2016,9068264134
9/4/2016,9068264134
9/5/2016,9068264134
9/6/2016,9595953458
9/7/2016,9595953458
9/8/2016,9595953458
9/9/2016,9857292661
9/10/2016,9857292661
9/11/2016,9857292661
9/12/2016,9537002200
9/13/2016,9537002200
9/14/2016,9647783135
9/15/2016,9647783135
9/16/2016,9647783135
9/17/2016,9591793453
9/18/2016,9591793453
9/19/2016,9591793453
9/20/2016,9631021511
9/21/2016,9631021511
9/22/2016,9631021511
9/23/2016,9533328310
9/24/2016,9533328310
9/25/2016,9533328310
9/26/2016,9605976433
9/27/2016,9605976433
9/28/2016,9605976433
9/29/2016,9589598395
9/30/2016,9589598395
10/1/2016,9589598395
10/2/2016,9708895024
10/3/2016,9708895024
10/4/2016,9708895024
10/5/2016,9683944303
10/6/2016,9683944303
10/7/2016,9683944303
10/8/2016,9806702439
10/9/2016,9806702439
10/10/2016,9806702439
10/11/2016,9808521800
10/12/2016,9808521800
10/13/2016,9808521800
10/14/2016,10128303958
10/15/2016,10128303958
10/16/2016,10128303958
10/17/2016,10108725601
10/18/2016,10108725601
10/19/2016,10108725601
10/20/2016,10003031843
10/21/2016,10003031843
10/22/2016,10003031843
10/23/2016,10393196474
10/24/2016,10393196474
10/25/2016,10393196474
10/26/2016,10781808070
10/27/2016,10781808070
10/28/2016,10781808070
10/29/2016,11479802686
10/30/2016,11479802686
10/31/2016,11479802686
11/1/2016,11715887800
11/2/2016,11715887800
11/3/2016,11715887800
11/4/2016,11715887800
11/5/2016,11178006783
11/6/2016,11178006783
11/7/2016,11254020175
11/8/2016,11254020175
11/9/2016,11254020175
11/10/2016,11379727455
11/11/2016,11379727455
11/12/2016,11379727455
11/13/2016,11065131186
11/14/2016,11065131186
11/15/2016,11065131186
11/16/2016,11365370677
11/17/2016,11365370677
11/18/2016,12023996729
11/19/2016,12023996729
11/20/2016,12023996729
11/21/2016,12023996729
11/22/2016,11792162433
11/23/2016,11792162433
11/24/2016,11792162433
11/25/2016,11699825201
11/26/2016,11699825201
11/27/2016,11699825201
11/28/2016,11695990395
11/29/2016,11695990395
11/30/2016,11695990395
12/1/2016,11905802898
12/2/2016,11905802898
12/3/2016,11905802898
12/4/2016,12218514308
12/5/2016,12218514308
12/6/2016,12163913830
12/7/2016,12163913830
12/8/2016,12163913830
12/9/2016,12347811046
12/10/2016,12347811046
12/11/2016,12347811046
12/12/2016,12484981390
12/13/2016,12484981390
12/14/2016,12484981390
12/15/2016,12474680979
12/16/2016,12474680979
12/17/2016,12474680979
12/18/2016,12581567955
12/19/2016,12581567955
12/20/2016,12581567955
12/21/2016,13230423919
12/22/2016,13230423919
12/23/2016,13230423919
12/24/2016,14419372240
12/25/2016,14419372240
12/26/2016,14419372240
12/27/2016,14974697871
12/28/2016,14974697871
12/29/2016,14974697871
12/30/2016,15228538109
12/31/2016,15228538109
1/1/2017,15228538109
1/2/2017,16535798428
1/3/2017,16535798428
1/4/2017,16535798428
1/5/2017,18856829632
1/6/2017,18856829632
1/7/2017,18856829632
1/8/2017,14889819549
1/9/2017,14889819549
1/10/2017,14889819549
1/11/2017,14653361093
1/12/2017,14653361093
1/13/2017,13266709000
1/14/2017,13266709000
1/15/2017,13266709000
1/16/2017,13250214289
1/17/2017,13250214289
1/18/2017,13250214289
1/19/2017,14354899318
1/20/2017,14354899318
1/21/2017,14763758563
1/22/2017,14763758563
1/23/2017,14763758563
1/24/2017,14491337803
1/25/2017,14491337803
1/26/2017,14491337803
1/27/2017,14772890106
1/28/2017,14772890106
1/29/2017,14772890106
1/30/2017,14745072441
1/31/2017,14745072441
2/1/2017,15947850847
2/2/2017,15947850847
2/3/2017,15947850847
2/4/2017,16694723562
2/5/2017,16694723562
2/6/2017,16694723562
2/7/2017,17111733228
2/8/2017,17111733228
2/9/2017,17111733228
2/10/2017,15967546915
2/11/2017,15967546915
2/12/2017,15967546915
2/13/2017,16029814989
2/14/2017,16029814989
2/15/2017,16029814989
2/16/2017,16814857415
2/17/2017,16814857415
2/18/2017,16814857415
2/19/2017,16973047763
2/20/2017,16973047763
2/21/2017,16973047763
2/22/2017,16973047763
2/23/2017,18116342230
2/24/2017,18116342230
2/25/2017,18578943111
2/26/2017,18578943111
2/27/2017,18578943111
2/28/2017,19196609546
3/1/2017,19196609546
3/2/2017,19196609546
3/3/2017,20751262404
3/4/2017,20751262404
3/5/2017,20751262404
3/6/2017,20691102985
3/7/2017,20691102985
3/8/2017,20691102985
3/9/2017,19312355856
3/10/2017,19312355856
3/11/2017,19312355856
3/12/2017,19123350649
3/13/2017,19123350649
3/14/2017,19123350649
3/15/2017,20373302041
3/16/2017,20373302041
3/17/2017,20373302041
3/18/2017,17420058693
3/19/2017,17420058693
3/20/2017,17420058693
3/21/2017,17406638253
3/22/2017,17406638253
3/23/2017,17406638253
3/24/2017,16267554072
3/25/2017,16267554072
3/26/2017,16267554072
3/27/2017,15793133489
3/28/2017,15793133489
3/29/2017,15793133489
3/30/2017,16927205999
3/31/2017,16927205999
4/1/2017,16927205999
4/2/2017,17617031538
4/3/2017,17617031538
4/4/2017,17617031538
4/5/2017,18363497098
4/6/2017,18363497098
4/7/2017,18363497098
4/8/2017,19406578523
4/9/2017,19406578523
4/10/2017,19406578523
4/11/2017,19593797231
4/12/2017,19593797231
4/13/2017,19593797231
4/14/2017,19455640120
4/15/2017,19455640120
4/16/2017,19455640120
4/17/2017,19406944553
4/18/2017,19406944553
4/19/2017,19406944553
4/20/2017,19897266863
4/21/2017,19897266863
4/22/2017,19897266863
4/23/2017,20195581201
4/24/2017,20195581201
4/25/2017,20195581201
4/26/2017,21100427873
4/27/2017,21100427873
4/28/2017,21100427873
4/29/2017,21786153997
4/30/2017,21786153997
5/1/2017,21786153997
5/2/2017,23917824150
5/3/2017,23917824150
5/4/2017,23917824150
5/5/2017,26075843655
5/6/2017,26075843655
5/7/2017,26075843655
5/8/2017,26280502453
5/9/2017,26280502453
5/10/2017,28845630070
5/11/2017,28845630070
5/12/2017,28845630070
5/13/2017,28989263820
5/14/2017,28989263820
5/15/2017,28989263820
5/16/2017,28618669993
5/17/2017,28618669993
5/18/2017,28618669993
5/19/2017,31339113050
5/20/2017,31339113050
5/21/2017,31339113050
5/22/2017,36473895394
5/23/2017,36473895394
5/24/2017,36473895394
5/25/2017,43999397325
5/26/2017,43999397325
5/27/2017,43999397325
5/28/2017,36300783825
5/29/2017,36300783825
5/30/2017,37232712965
5/31/2017,37232712965
6/1/2017,37232712965
6/2/2017,39202777320
6/3/2017,39202777320
6/4/2017,39202777320
6/5/2017,42127150075
6/6/2017,42127150075
6/7/2017,44204367926
6/8/2017,44204367926
6/9/2017,44204367926
6/10/2017,47490263843
6/11/2017,47490263843
6/12/2017,47490263843
6/13/2017,44520200115
6/14/2017,44520200115
6/15/2017,44520200115
6/16/2017,40552877906
6/17/2017,40552877906
6/18/2017,40552877906
6/19/2017,42355931300
6/20/2017,42355931300
6/21/2017,42355931300
6/22/2017,42355931300
6/23/2017,44608117925
6/24/2017,44608117925
6/25/2017,44608117925
6/26/2017,40920638905
6/27/2017,40920638905
6/28/2017,40920638905
6/29/2017,41358115770
6/30/2017,41358115770
7/1/2017,41358115770
7/2/2017,39923644475
7/3/2017,39923644475
7/4/2017,42671035224
7/5/2017,42671035224
7/6/2017,42671035224
7/7/2017,40935544108
7/8/2017,40935544108
7/9/2017,40935544108
7/10/2017,39477190902
7/11/2017,39477190902
7/12/2017,39477190902
7/13/2017,39219471821
7/14/2017,39219471821
7/15/2017,39219471821
7/16/2017,32358035150
7/17/2017,32358035150
7/18/2017,32358035150
7/19/2017,38342450875
7/20/2017,38342450875
7/21/2017,43713551886
7/22/2017,43713551886
7/23/2017,43713551886
7/24/2017,46220812618
7/25/2017,46220812618
7/26/2017,46220812618
7/27/2017,42362746151
7/28/2017,42362746151
7/29/2017,42362746151
7/30/2017,43199759926
7/31/2017,43199759926
8/1/2017,43199759926
8/2/2017,45355038125
8/3/2017,45355038125
8/4/2017,45355038125
8/5/2017,51733461405
8/6/2017,51733461405
8/7/2017,51733461405
8/8/2017,55896055836
8/9/2017,55896055836
8/10/2017,55896055836
8/11/2017,56672316773
8/12/2017,56672316773
8/13/2017,56672316773
8/14/2017,67237528325
8/15/2017,67237528325
8/16/2017,67237528325
8/17/2017,73524336656
8/18/2017,73524336656
8/19/2017,73524336656
8/20/2017,68240450294
8/21/2017,68240450294
8/22/2017,68240450294
8/23/2017,68473114328
8/24/2017,68473114328
8/25/2017,68473114328
8/26/2017,68473114328
8/27/2017,72107469073
8/28/2017,72107469073
8/29/2017,72107469073
8/30/2017,75436716653
8/31/2017,75436716653
9/1/2017,75436716653
9/2/2017,77592296093
9/3/2017,77592296093
9/4/2017,77592296093
9/5/2017,69428546265
9/6/2017,69428546265
9/7/2017,76993825084
9/8/2017,76993825084
9/9/2017,76993825084
9/10/2017,68735233823
9/11/2017,68735233823
9/12/2017,69236797870
9/13/2017,69236797870
9/14/2017,69236797870
9/15/2017,51478566326
9/16/2017,51478566326
9/17/2017,61812390235
9/18/2017,61812390235
9/19/2017,61812390235
9/20/2017,61812390235
9/21/2017,63141057079
9/22/2017,63141057079
9/23/2017,62131190903
9/24/2017,62131190903
9/25/2017,62131190903
9/26/2017,62131190903
9/27/2017,64649673893
9/28/2017,64649673893
9/29/2017,69181644830
9/30/2017,69181644830
10/1/2017,69181644830
10/2/2017,72740471154
10/3/2017,72740471154
10/4/2017,72740471154
10/5/2017,72740471154
10/6/2017,71732128256
10/7/2017,71732128256
10/8/2017,75711324975
10/9/2017,75711324975
10/10/2017,75711324975
10/11/2017,79158045623
10/12/2017,79158045623
10/13/2017,79158045623
10/14/2017,95329679063
10/15/2017,95329679063
10/16/2017,95329679063
10/17/2017,93530766889
10/18/2017,93530766889
10/19/2017,93813151500
10/20/2017,93813151500
10/21/2017,93813151500
10/22/2017,97850998750
10/23/2017,97850998750
10/24/2017,97850998750
10/25/2017,91834847073
10/26/2017,91834847073
10/27/2017,95040649864
10/28/2017,95040649864
10/29/2017,95040649864
10/30/2017,95040649864
10/31/2017,1.02E+11
11/1/2017,1.02E+11
11/2/2017,1.02E+11
11/3/2017,1.21E+11
11/4/2017,1.21E+11
11/5/2017,1.21E+11
11/6/2017,1.21E+11
11/7/2017,1.21E+11
11/8/2017,1.21E+11
11/9/2017,1.20E+11
11/10/2017,1.20E+11
11/11/2017,1.20E+11
11/12/2017,1.20E+11
11/13/2017,1.07E+11
11/14/2017,1.07E+11
11/15/2017,1.07E+11
11/16/2017,1.30E+11
11/17/2017,1.30E+11
11/18/2017,1.30E+11
11/19/2017,1.30E+11
11/20/2017,1.30E+11
11/21/2017,1.30E+11
11/22/2017,1.38E+11
11/23/2017,1.38E+11
11/24/2017,1.38E+11
11/25/2017,1.37E+11
11/26/2017,1.37E+11
11/27/2017,1.37E+11
11/28/2017,1.62E+11
11/29/2017,1.62E+11
11/30/2017,1.63E+11
12/1/2017,1.63E+11
12/2/2017,1.63E+11
12/3/2017,1.87E+11
12/4/2017,1.87E+11
12/5/2017,1.96E+11
12/6/2017,1.96E+11
12/7/2017,1.96E+11
12/8/2017,2.50E+11
12/9/2017,2.50E+11
12/10/2017,2.50E+11
12/11/2017,2.82E+11
12/12/2017,2.82E+11
12/13/2017,2.74E+11
12/14/2017,2.74E+11
12/15/2017,2.74E+11
12/16/2017,2.97E+11
12/17/2017,2.97E+11
12/18/2017,3.12E+11
12/19/2017,3.12E+11
12/20/2017,3.12E+11
12/21/2017,2.53E+11
12/22/2017,2.53E+11
12/23/2017,2.53E+11
12/24/2017,2.18E+11
12/25/2017,2.18E+11
12/26/2017,2.18E+11
12/27/2017,2.54E+11
12/28/2017,2.54E+11
12/29/2017,2.54E+11
12/30/2017,2.20E+11
12/31/2017,2.20E+11
1/1/2018,2.20E+11
1/2/2018,2.35E+11
1/3/2018,2.35E+11
1/4/2018,2.35E+11
1/5/2018,2.52E+11
1/6/2018,2.52E+11
1/7/2018,2.52E+11
1/8/2018,2.67E+11
1/9/2018,2.67E+11
1/10/2018,2.44E+11
1/11/2018,2.44E+11
1/12/2018,2.44E+11
1/13/2018,2.39E+11
1/14/2018,2.39E+11
1/15/2018,2.39E+11
1/16/2018,2.17E+11
1/17/2018,2.17E+11
1/18/2018,1.96E+11
1/19/2018,1.96E+11
1/20/2018,1.96E+11
1/21/2018,2.01E+11
1/22/2018,2.01E+11
1/23/2018,1.88E+11
1/24/2018,1.88E+11
1/25/2018,1.88E+11
1/26/2018,1.80E+11
1/27/2018,1.80E+11
1/28/2018,1.80E+11
1/29/2018,1.88E+11
1/30/2018,1.88E+11
1/31/2018,1.88E+11
2/1/2018,1.59E+11
2/2/2018,1.59E+11
2/3/2018,1.59E+11
2/4/2018,1.56E+11
2/5/2018,1.56E+11
2/6/2018,1.21E+11
2/7/2018,1.21E+11
2/8/2018,1.21E+11
2/9/2018,1.45E+11
2/10/2018,1.45E+11
2/11/2018,1.45E+11
2/12/2018,1.46E+11
2/13/2018,1.46E+11
2/14/2018,1.46E+11
2/15/2018,1.62E+11
2/16/2018,1.62E+11
2/17/2018,1.62E+11
2/18/2018,1.79E+11
2/19/2018,1.79E+11
2/20/2018,1.79E+11
2/21/2018,1.83E+11
2/22/2018,1.83E+11
2/23/2018,1.83E+11
2/24/2018,1.77E+11
2/25/2018,1.77E+11
2/26/2018,1.75E+11
2/27/2018,1.75E+11
2/28/2018,1.75E+11
3/1/2018,1.84E+11
3/2/2018,1.84E+11
3/3/2018,1.84E+11
3/4/2018,1.89E+11
3/5/2018,1.89E+11
3/6/2018,1.89E+11
3/7/2018,1.78E+11
3/8/2018,1.78E+11
3/9/2018,1.78E+11
3/10/2018,1.59E+11
3/11/2018,1.59E+11
3/12/2018,1.59E+11
3/13/2018,1.58E+11
3/14/2018,1.58E+11
3/15/2018,1.58E+11
3/16/2018,1.39E+11
3/17/2018,1.39E+11
3/18/2018,1.39E+11
3/19/2018,1.38E+11
3/20/2018,1.38E+11
3/21/2018,1.38E+11
3/22/2018,1.53E+11
3/23/2018,1.53E+11
3/24/2018,1.53E+11
3/25/2018,1.44E+11
3/26/2018,1.44E+11
3/27/2018,1.44E+11
3/28/2018,1.34E+11
3/29/2018,1.34E+11
3/30/2018,1.34E+11
3/31/2018,1.15E+11
4/1/2018,1.15E+11
4/2/2018,1.15E+11
4/3/2018,1.24E+11
4/4/2018,1.24E+11
4/5/2018,1.24E+11
4/6/2018,1.15E+11
4/7/2018,1.15E+11
4/8/2018,1.18E+11
4/9/2018,1.18E+11
4/10/2018,1.18E+11
4/11/2018,1.18E+11
4/12/2018,1.18E+11
4/13/2018,1.18E+11
4/14/2018,1.36E+11
4/15/2018,1.36E+11
4/16/2018,1.36E+11
4/17/2018,1.38E+11
4/18/2018,1.38E+11
4/19/2018,1.38E+11
4/20/2018,1.42E+11
4/21/2018,1.42E+11
4/22/2018,1.42E+11
4/23/2018,1.50E+11
4/24/2018,1.50E+11
4/25/2018,1.50E+11
4/26/2018,1.49E+11
4/27/2018,1.49E+11
4/28/2018,1.49E+11
4/29/2018,1.61E+11
4/30/2018,1.61E+11
5/1/2018,1.61E+11
5/2/2018,1.53E+11
5/3/2018,1.53E+11
5/4/2018,1.53E+11
5/5/2018,1.68E+11
5/6/2018,1.68E+11
5/7/2018,1.68E+11
5/8/2018,1.59E+11
5/9/2018,1.59E+11
5/10/2018,1.59E+11
5/11/2018,1.52E+11
5/12/2018,1.52E+11
5/13/2018,1.52E+11
5/14/2018,1.42E+11
5/15/2018,1.42E+11
5/16/2018,1.42E+11
5/17/2018,1.42E+11
5/18/2018,1.42E+11
5/19/2018,1.42E+11
5/20/2018,1.40E+11
5/21/2018,1.40E+11
5/22/2018,1.40E+11
5/23/2018,1.35E+11
5/24/2018,1.35E+11
5/25/2018,1.27E+11
5/26/2018,1.27E+11
5/27/2018,1.27E+11
5/28/2018,1.24E+11
5/29/2018,1.24E+11
5/30/2018,1.24E+11
5/31/2018,1.29E+11
6/1/2018,1.29E+11
6/2/2018,1.29E+11
6/3/2018,1.30E+11
6/4/2018,1.30E+11
6/5/2018,1.27E+11
6/6/2018,1.27E+11
6/7/2018,1.27E+11
6/8/2018,1.30E+11
6/9/2018,1.30E+11
6/10/2018,1.30E+11
6/11/2018,1.15E+11
6/12/2018,1.15E+11
6/13/2018,1.15E+11
6/14/2018,1.14E+11
6/15/2018,1.14E+11
6/16/2018,1.14E+11
6/17/2018,1.11E+11
6/18/2018,1.11E+11
6/19/2018,1.11E+11
6/20/2018,1.13E+11
6/21/2018,1.13E+11
6/22/2018,1.13E+11
6/23/2018,1.04E+11
6/24/2018,1.04E+11
6/25/2018,1.07E+11
6/26/2018,1.07E+11
6/27/2018,1.07E+11
6/28/2018,1.07E+11
6/29/2018,1.00E+11
6/30/2018,1.00E+11
7/1/2018,1.00E+11
7/2/2018,1.08E+11
7/3/2018,1.08E+11
7/4/2018,1.08E+11
7/5/2018,1.14E+11
7/6/2018,1.14E+11
7/7/2018,1.14E+11
7/8/2018,1.15E+11
7/9/2018,1.15E+11
7/10/2018,1.15E+11
7/11/2018,1.09E+11
7/12/2018,1.09E+11
7/13/2018,1.09E+11
7/14/2018,1.07E+11
7/15/2018,1.07E+11
7/16/2018,1.07E+11
7/17/2018,1.26E+11
7/18/2018,1.26E+11
7/19/2018,1.26E+11
7/20/2018,1.28E+11
7/21/2018,1.28E+11
7/22/2018,1.28E+11
7/23/2018,1.32E+11
7/24/2018,1.32E+11
7/25/2018,1.32E+11
7/26/2018,1.41E+11
7/27/2018,1.41E+11
7/28/2018,1.40E+11
7/29/2018,1.40E+11
7/30/2018,1.40E+11
7/31/2018,1.33E+11
8/1/2018,1.33E+11
8/2/2018,1.33E+11
8/3/2018,1.28E+11
8/4/2018,1.28E+11
8/5/2018,1.28E+11
8/6/2018,1.22E+11
8/7/2018,1.22E+11
8/8/2018,1.22E+11
8/9/2018,1.09E+11
8/10/2018,1.09E+11
8/11/2018,1.10E+11
8/12/2018,1.10E+11
8/13/2018,1.10E+11
8/14/2018,1.06E+11
8/15/2018,1.06E+11
8/16/2018,1.06E+11
8/17/2018,1.12E+11
8/18/2018,1.12E+11
8/19/2018,1.12E+11
8/20/2018,1.11E+11
8/21/2018,1.11E+11
8/22/2018,1.11E+11
8/23/2018,1.11E+11
8/24/2018,1.11E+11
8/25/2018,1.11E+11
8/26/2018,1.15E+11
8/27/2018,1.15E+11
8/28/2018,1.15E+11
8/29/2018,1.22E+11
8/30/2018,1.22E+11
8/31/2018,1.22E+11
9/1/2018,1.22E+11
9/2/2018,1.22E+11
9/3/2018,1.22E+11
9/4/2018,1.25E+11
9/5/2018,1.25E+11
9/6/2018,1.25E+11
9/7/2018,1.11E+11
9/8/2018,1.11E+11
9/9/2018,1.11E+11
9/10/2018,1.09E+11
9/11/2018,1.09E+11
9/12/2018,1.09E+11
9/13/2018,1.10E+11
9/14/2018,1.10E+11
9/15/2018,1.10E+11
9/16/2018,1.12E+11
9/17/2018,1.12E+11
9/18/2018,1.12E+11
9/19/2018,1.09E+11
9/20/2018,1.09E+11
9/21/2018,1.09E+11
9/22/2018,1.16E+11
9/23/2018,1.16E+11
9/24/2018,1.16E+11
9/25/2018,1.11E+11
9/26/2018,1.11E+11
9/27/2018,1.11E+11
9/28/2018,1.15E+11
9/29/2018,1.15E+11
9/30/2018,1.15E+11
10/1/2018,1.14E+11
10/2/2018,1.14E+11
10/3/2018,1.14E+11
10/4/2018,1.13E+11
10/5/2018,1.13E+11
10/6/2018,1.13E+11
10/7/2018,1.13E+11
10/8/2018,1.13E+11
10/9/2018,1.13E+11
10/10/2018,1.13E+11
10/11/2018,1.13E+11
10/12/2018,1.13E+11
10/13/2018,1.07E+11
10/14/2018,1.07E+11
10/15/2018,1.07E+11
10/16/2018,1.07E+11
10/17/2018,1.12E+11
10/18/2018,1.12E+11
10/19/2018,1.12E+11
10/20/2018,1.11E+11
10/21/2018,1.11E+11
10/22/2018,1.11E+11
10/23/2018,1.11E+11
10/24/2018,1.11E+11
10/25/2018,1.11E+11
10/26/2018,1.11E+11
10/27/2018,1.11E+11
10/28/2018,1.11E+11
10/29/2018,1.09E+11
10/30/2018,1.09E+11
10/31/2018,1.09E+11
11/1/2018,1.09E+11
11/2/2018,1.09E+11
11/3/2018,1.09E+11
11/4/2018,1.10E+11
11/5/2018,1.10E+11
11/6/2018,1.10E+11
11/7/2018,1.13E+11
11/8/2018,1.13E+11
11/9/2018,1.13E+11
11/10/2018,1.13E+11
11/11/2018,1.10E+11
11/12/2018,1.10E+11
11/13/2018,1.10E+11
11/14/2018,1.06E+11
11/15/2018,1.06E+11
11/16/2018,1.06E+11
11/17/2018,95806759100
11/18/2018,95806759100
11/19/2018,95806759100
11/20/2018,95806759100
11/21/2018,77354818613
11/22/2018,77354818613
11/23/2018,77354818613
11/24/2018,77354818613
11/25/2018,65848194300
11/26/2018,65848194300
11/27/2018,65848194300
11/28/2018,72767448688
11/29/2018,72767448688
11/30/2018,72767448688
12/1/2018,72767448688
12/2/2018,71650672663
12/3/2018,71650672663
12/4/2018,71650672663
12/5/2018,71650672663
12/6/2018,66529066725
12/7/2018,66529066725
12/8/2018,66529066725
12/9/2018,62092023713
12/10/2018,62092023713
12/11/2018,62092023713
12/12/2018,62092023713
12/13/2018,58488321500
12/14/2018,58488321500
12/15/2018,58488321500
12/16/2018,56232935588
12/17/2018,56232935588
12/18/2018,56232935588
12/19/2018,66125541713
12/20/2018,66125541713
12/21/2018,66125541713
12/22/2018,66469081600
12/23/2018,66469081600
12/24/2018,66469081600
12/25/2018,66376910494
12/26/2018,66376910494
12/27/2018,66376910494
12/28/2018,62890865438
12/29/2018,62890865438
12/30/2018,66645855631
12/31/2018,66645855631
1/1/2019,66645855631
1/2/2019,67042416000
1/3/2019,67042416000
1/4/2019,67042416000
1/5/2019,66854249550
1/6/2019,66854249550
1/7/2019,66854249550
1/8/2019,70832773856
1/9/2019,70832773856
1/10/2019,70832773856
1/11/2019,63664020638
1/12/2019,63664020638
1/13/2019,63664020638
1/14/2019,61883625000
1/15/2019,61883625000
1/16/2019,61883625000
1/17/2019,63345887719
1/18/2019,63345887719
1/19/2019,63345887719
1/20/2019,61949068988
1/21/2019,61949068988
1/22/2019,61949068988
1/23/2019,61949068988
1/24/2019,61916230688
1/25/2019,61916230688
1/26/2019,61916230688
1/27/2019,62102151900
1/28/2019,62102151900
1/29/2019,62102151900
1/30/2019,59609347944
1/31/2019,59609347944
2/1/2019,59609347944
2/2/2019,60179864950
2/3/2019,60179864950
2/4/2019,60179864950
2/5/2019,59830970750
2/6/2019,59830970750
2/7/2019,58833355275
2/8/2019,58833355275
2/9/2019,58833355275
2/10/2019,63261019456
2/11/2019,63261019456
2/12/2019,63261019456
2/13/2019,62693568438
2/14/2019,62693568438
2/15/2019,62693568438
2/16/2019,62693568438
2/17/2019,62906374025
2/18/2019,62906374025
2/19/2019,68357260125
2/20/2019,68357260125
2/21/2019,68357260125
2/22/2019,68357260125
2/23/2019,69019526450
2/24/2019,69019526450
2/25/2019,69019526450
2/26/2019,66258178969
2/27/2019,66258178969
2/28/2019,66258178969
3/1/2019,66753312175
3/2/2019,66753312175
3/3/2019,66753312175
3/4/2019,65403906219
3/5/2019,65403906219
3/6/2019,65403906219
3/7/2019,67577461063
3/8/2019,67577461063
3/9/2019,67577461063
3/10/2019,68310926931
3/11/2019,68310926931
3/12/2019,68310926931
3/13/2019,67716866381
3/14/2019,67716866381
3/15/2019,67716866381
3/16/2019,69946139900
3/17/2019,69946139900
3/18/2019,69946139900
3/19/2019,69748236231
3/20/2019,69748236231
3/21/2019,69748236231
3/22/2019,69726275200
3/23/2019,69726275200
3/24/2019,69726275200
3/25/2019,69871420800
3/26/2019,69871420800
3/27/2019,69871420800
3/28/2019,70554028581
3/29/2019,70554028581
3/30/2019,70554028581
3/31/2019,72109082656
4/1/2019,72109082656
4/2/2019,72109082656
4/3/2019,88532133050
4/4/2019,88532133050
4/5/2019,88532133050
4/6/2019,88286794344
4/7/2019,88286794344
4/8/2019,88286794344
4/9/2019,92176840594
4/10/2019,92176840594
4/11/2019,92176840594
4/12/2019,89407443086
4/13/2019,89407443086
4/14/2019,89407443086
4/15/2019,88740265181
4/16/2019,88740265181
4/17/2019,88740265181
4/18/2019,93102053850
4/19/2019,93102053850
4/20/2019,93102053850
4/21/2019,93102053850
4/22/2019,93528774900
4/23/2019,93528774900
4/24/2019,93528774900
4/25/2019,95589547725
4/26/2019,95589547725
4/27/2019,95589547725
4/28/2019,91210797825
4/29/2019,91210797825
4/30/2019,91210797825
5/1/2019,93634504438
5/2/2019,93634504438
5/3/2019,1.00E+11
5/4/2019,1.00E+11
5/5/2019,1.00E+11
5/6/2019,1.01E+11
5/7/2019,1.01E+11
5/8/2019,1.01E+11
5/9/2019,1.01E+11
5/10/2019,1.08E+11
5/11/2019,1.08E+11
5/12/2019,1.08E+11
5/13/2019,1.25E+11
5/14/2019,1.25E+11
5/15/2019,1.25E+11
5/16/2019,1.47E+11
5/17/2019,1.47E+11
5/18/2019,1.47E+11
5/19/2019,1.29E+11
5/20/2019,1.29E+11
5/21/2019,1.43E+11
5/22/2019,1.43E+11
5/23/2019,1.43E+11
5/24/2019,1.42E+11
5/25/2019,1.42E+11
5/26/2019,1.42E+11
5/27/2019,1.55E+11
5/28/2019,1.55E+11
5/29/2019,1.55E+11
5/30/2019,1.55E+11
5/31/2019,1.55E+11
6/1/2019,1.55E+11
6/2/2019,1.52E+11
6/3/2019,1.52E+11
6/4/2019,1.52E+11
6/5/2019,1.38E+11
6/6/2019,1.38E+11
6/7/2019,1.38E+11
6/8/2019,1.41E+11
6/9/2019,1.41E+11
6/10/2019,1.41E+11
6/11/2019,1.41E+11
6/12/2019,1.41E+11
6/13/2019,1.41E+11
6/14/2019,1.47E+11
6/15/2019,1.47E+11
6/16/2019,1.47E+11
6/17/2019,1.65E+11
6/18/2019,1.65E+11
6/19/2019,1.65E+11
6/20/2019,1.65E+11
6/21/2019,1.65E+11
6/22/2019,1.65E+11
6/23/2019,1.91E+11
6/24/2019,1.91E+11
6/25/2019,2.08E+11
6/26/2019,2.08E+11
6/27/2019,2.08E+11
6/28/2019,2.19E+11
6/29/2019,2.19E+11
6/30/2019,2.19E+11
7/1/2019,1.88E+11
7/2/2019,1.88E+11
7/3/2019,1.88E+11
7/4/2019,2.08E+11
7/5/2019,2.08E+11
7/6/2019,2.07E+11
7/7/2019,2.07E+11
7/8/2019,2.07E+11
7/9/2019,2.19E+11
7/10/2019,2.19E+11
7/11/2019,2.19E+11
7/12/2019,2.09E+11
7/13/2019,2.09E+11
7/14/2019,2.09E+11
7/15/2019,1.88E+11
7/16/2019,1.88E+11
7/17/2019,1.88E+11
7/18/2019,1.88E+11
7/19/2019,1.88E+11
7/20/2019,1.88E+11
7/21/2019,1.87E+11
7/22/2019,1.87E+11
7/23/2019,1.87E+11
7/24/2019,1.72E+11
7/25/2019,1.72E+11
7/26/2019,1.72E+11
7/27/2019,1.68E+11
7/28/2019,1.68E+11
7/29/2019,1.68E+11
7/30/2019,1.69E+11
7/31/2019,1.69E+11
8/1/2019,1.69E+11
8/2/2019,1.87E+11
8/3/2019,1.87E+11
8/4/2019,1.94E+11
8/5/2019,1.94E+11
8/6/2019,1.94E+11
8/7/2019,2.09E+11
8/8/2019,2.09E+11
8/9/2019,2.09E+11
8/10/2019,2.03E+11
8/11/2019,2.03E+11
8/12/2019,2.03E+11
8/13/2019,1.94E+11
8/14/2019,1.94E+11
8/15/2019,1.94E+11
8/16/2019,1.86E+11
8/17/2019,1.86E+11
8/18/2019,1.86E+11
8/19/2019,1.91E+11
8/20/2019,1.91E+11
8/21/2019,1.91E+11
8/22/2019,1.81E+11
8/23/2019,1.81E+11
8/24/2019,1.81E+11
8/25/2019,1.80E+11
8/26/2019,1.80E+11
8/27/2019,1.80E+11
8/28/2019,1.74E+11
8/29/2019,1.74E+11
8/30/2019,1.74E+11
8/31/2019,1.72E+11
9/1/2019,1.72E+11
9/2/2019,1.72E+11
9/3/2019,1.92E+11
9/4/2019,1.92E+11
9/5/2019,1.92E+11
9/6/2019,1.93E+11
9/7/2019,1.93E+11
9/8/2019,1.93E+11
9/9/2019,1.84E+11
9/10/2019,1.84E+11
9/11/2019,1.81E+11
9/12/2019,1.81E+11
9/13/2019,1.81E+11
9/14/2019,1.85E+11
9/15/2019,1.85E+11
9/16/2019,1.85E+11
9/17/2019,1.83E+11
9/18/2019,1.83E+11
9/19/2019,1.83E+11
9/20/2019,1.83E+11
9/21/2019,1.83E+11
9/22/2019,1.83E+11
9/23/2019,1.79E+11
9/24/2019,1.79E+11
9/25/2019,1.79E+11
9/26/2019,1.50E+11
9/27/2019,1.50E+11
9/28/2019,1.50E+11
9/29/2019,1.47E+11
9/30/2019,1.47E+11
10/1/2019,1.47E+11
10/2/2019,1.48E+11
10/3/2019,1.48E+11
10/4/2019,1.48E+11
10/5/2019,1.46E+11
10/6/2019,1.46E+11
10/7/2019,1.46E+11
10/8/2019,1.49E+11
10/9/2019,1.49E+11
10/10/2019,1.49E+11
10/11/2019,1.54E+11
10/12/2019,1.54E+11
10/13/2019,1.54E+11
10/14/2019,1.49E+11
10/15/2019,1.49E+11
10/16/2019,1.49E+11
10/17/2019,1.44E+11
10/18/2019,1.44E+11
10/19/2019,1.44E+11
10/20/2019,1.43E+11
10/21/2019,1.43E+11
10/22/2019,1.45E+11
10/23/2019,1.45E+11
10/24/2019,1.45E+11
10/25/2019,1.56E+11
10/26/2019,1.56E+11
10/27/2019,1.56E+11
10/28/2019,1.56E+11
10/29/2019,1.71E+11
10/30/2019,1.71E+11
10/31/2019,1.71E+11
11/1/2019,1.65E+11
11/2/2019,1.65E+11
11/3/2019,1.65E+11
11/4/2019,1.69E+11
11/5/2019,1.69E+11
11/6/2019,1.69E+11
11/7/2019,1.69E+11
11/8/2019,1.66E+11
11/9/2019,1.66E+11
11/10/2019,1.66E+11
11/11/2019,1.59E+11
11/12/2019,1.59E+11
11/13/2019,1.59E+11
11/14/2019,1.56E+11
11/15/2019,1.56E+11
11/16/2019,1.56E+11
11/17/2019,1.53E+11
11/18/2019,1.53E+11
11/19/2019,1.53E+11
11/20/2019,1.47E+11
11/21/2019,1.47E+11
11/22/2019,1.47E+11
11/23/2019,1.31E+11
11/24/2019,1.31E+11
11/25/2019,1.31E+11
11/26/2019,1.28E+11
11/27/2019,1.28E+11
11/28/2019,1.28E+11
11/29/2019,1.40E+11
11/30/2019,1.40E+11
12/1/2019,1.40E+11
12/2/2019,1.32E+11
12/3/2019,1.32E+11
12/4/2019,1.32E+11
12/5/2019,1.33E+11
12/6/2019,1.33E+11
12/7/2019,1.33E+11
12/8/2019,1.36E+11
12/9/2019,1.36E+11
12/10/2019,1.36E+11
12/11/2019,1.30E+11
12/12/2019,1.30E+11
12/13/2019,1.30E+11
12/14/2019,1.28E+11
12/15/2019,1.28E+11
12/16/2019,1.28E+11
12/17/2019,1.20E+11
12/18/2019,1.20E+11
12/19/2019,1.20E+11
12/20/2019,1.30E+11
12/21/2019,1.30E+11
12/22/2019,1.30E+11
12/23/2019,1.37E+11
12/24/2019,1.37E+11
12/25/2019,1.37E+11
12/26/2019,1.33E+11
12/27/2019,1.33E+11
12/28/2019,1.33E+11
12/29/2019,1.34E+11
12/30/2019,1.34E+11
12/31/2019,1.34E+11
1/1/2020,1.31E+11
1/2/2020,1.31E+11
1/3/2020,1.31E+11
1/4/2020,1.33E+11
1/5/2020,1.33E+11
1/6/2020,1.33E+11
1/7/2020,1.43E+11
1/8/2020,1.43E+11
1/9/2020,1.42E+11
1/10/2020,1.42E+11
1/11/2020,1.42E+11
1/12/2020,1.47E+11
1/13/2020,1.47E+11
1/14/2020,1.47E+11
1/15/2020,1.61E+11
1/16/2020,1.61E+11
1/17/2020,1.61E+11
1/18/2020,1.62E+11
1/19/2020,1.62E+11
1/20/2020,1.62E+11
1/21/2020,1.62E+11
1/22/2020,1.57E+11
1/23/2020,1.57E+11
1/24/2020,1.57E+11
1/25/2020,1.51E+11
1/26/2020,1.51E+11
1/27/2020,1.51E+11
1/28/2020,1.63E+11
1/29/2020,1.63E+11
1/30/2020,1.63E+11
1/31/2020,1.70E+11
2/1/2020,1.70E+11
2/2/2020,1.70E+11
2/3/2020,1.70E+11
2/4/2020,1.70E+11
2/5/2020,1.70E+11
2/6/2020,1.75E+11
2/7/2020,1.75E+11
2/8/2020,1.75E+11
2/9/2020,1.85E+11
2/10/2020,1.85E+11
2/11/2020,1.85E+11
2/12/2020,1.89E+11
2/13/2020,1.89E+11
2/14/2020,1.89E+11
2/15/2020,1.80E+11
2/16/2020,1.80E+11
2/17/2020,1.80E+11
2/18/2020,1.86E+11
2/19/2020,1.86E+11
2/20/2020,1.86E+11
2/21/2020,1.77E+11
2/22/2020,1.77E+11
2/23/2020,1.77E+11
2/24/2020,1.77E+11
2/25/2020,1.75E+11
2/26/2020,1.75E+11
2/27/2020,1.75E+11
2/28/2020,1.62E+11
2/29/2020,1.62E+11
3/1/2020,1.56E+11
3/2/2020,1.56E+11
3/3/2020,1.56E+11
3/4/2020,1.59E+11
3/5/2020,1.59E+11
3/6/2020,1.59E+11
3/7/2020,1.66E+11
3/8/2020,1.66E+11
3/9/2020,1.66E+11
3/10/2020,1.48E+11
3/11/2020,1.48E+11
3/12/2020,1.48E+11
3/13/2020,1.01E+11
3/14/2020,1.01E+11
3/15/2020,1.01E+11
3/16/2020,1.01E+11
3/17/2020,94041091600
3/18/2020,94041091600
3/19/2020,94041091600
3/20/2020,94041091600
3/21/2020,1.13E+11
3/22/2020,1.13E+11
3/23/2020,1.13E+11
3/24/2020,1.13E+11
3/25/2020,1.21E+11
3/26/2020,1.21E+11
3/27/2020,1.21E+11
3/28/2020,1.12E+11
3/29/2020,1.12E+11
3/30/2020,1.12E+11
3/31/2020,1.19E+11
4/1/2020,1.19E+11
4/2/2020,1.19E+11
4/3/2020,1.25E+11
4/4/2020,1.25E+11
4/5/2020,1.25E+11
4/6/2020,1.25E+11
4/7/2020,1.25E+11
4/8/2020,1.25E+11
4/9/2020,1.34E+11
4/10/2020,1.34E+11
4/11/2020,1.26E+11
4/12/2020,1.26E+11
4/13/2020,1.26E+11
4/14/2020,1.26E+11
4/15/2020,1.26E+11
4/16/2020,1.26E+11
4/17/2020,1.30E+11
4/18/2020,1.30E+11
4/19/2020,1.30E+11
4/20/2020,1.32E+11
4/21/2020,1.32E+11
4/22/2020,1.32E+11
4/23/2020,1.30E+11
4/24/2020,1.30E+11
4/25/2020,1.30E+11
4/26/2020,1.41E+11
4/27/2020,1.41E+11
4/28/2020,1.41E+11
4/29/2020,1.53E+11
4/30/2020,1.53E+11
5/1/2020,1.53E+11
5/2/2020,1.63E+11
5/3/2020,1.63E+11
5/4/2020,1.63E+11
5/5/2020,1.64E+11
5/6/2020,1.64E+11
5/7/2020,1.64E+11
5/8/2020,1.82E+11
5/9/2020,1.82E+11
5/10/2020,1.82E+11
5/11/2020,1.58E+11
5/12/2020,1.58E+11
5/13/2020,1.58E+11
5/14/2020,1.77E+11
5/15/2020,1.77E+11
5/16/2020,1.77E+11
5/17/2020,1.77E+11
5/18/2020,1.76E+11
5/19/2020,1.76E+11
5/20/2020,1.76E+11
5/21/2020,1.76E+11
5/22/2020,1.65E+11
5/23/2020,1.65E+11
5/24/2020,1.65E+11
5/25/2020,1.64E+11
5/26/2020,1.64E+11
5/27/2020,1.64E+11
5/28/2020,1.64E+11
5/29/2020,1.75E+11
5/30/2020,1.75E+11
5/31/2020,1.75E+11
6/1/2020,1.75E+11
6/2/2020,1.75E+11
6/3/2020,1.75E+11
6/4/2020,1.79E+11
6/5/2020,1.79E+11
6/6/2020,1.79E+11
6/7/2020,1.78E+11
6/8/2020,1.78E+11
6/9/2020,1.79E+11
6/10/2020,1.79E+11
6/11/2020,1.79E+11
6/12/2020,1.74E+11
6/13/2020,1.74E+11
6/14/2020,1.74E+11
6/15/2020,1.69E+11
6/16/2020,1.69E+11
6/17/2020,1.69E+11
6/18/2020,1.74E+11
6/19/2020,1.74E+11
6/20/2020,1.74E+11
6/21/2020,1.72E+11
6/22/2020,1.72E+11
6/23/2020,1.72E+11
6/24/2020,1.73E+11
6/25/2020,1.73E+11
6/26/2020,1.73E+11
6/27/2020,1.68E+11
6/28/2020,1.68E+11
6/29/2020,1.68E+11
6/30/2020,1.68E+11
7/1/2020,1.68E+11
7/2/2020,1.68E+11
7/3/2020,1.68E+11
7/4/2020,1.68E+11
7/5/2020,1.68E+11
7/6/2020,1.67E+11
7/7/2020,1.67E+11
7/8/2020,1.74E+11
7/9/2020,1.74E+11
7/10/2020,1.74E+11
7/11/2020,1.70E+11
7/12/2020,1.70E+11
7/13/2020,1.70E+11
7/14/2020,1.70E+11
7/15/2020,1.70E+11
7/16/2020,1.70E+11
7/17/2020,1.69E+11
7/18/2020,1.69E+11
7/19/2020,1.69E+11
7/20/2020,1.69E+11
7/21/2020,1.70E+11
7/22/2020,1.70E+11
7/23/2020,1.70E+11
7/24/2020,1.76E+11
7/25/2020,1.76E+11
7/26/2020,1.76E+11
7/27/2020,1.88E+11
7/28/2020,1.88E+11
7/29/2020,1.88E+11
7/30/2020,2.03E+11
7/31/2020,2.03E+11
8/1/2020,2.03E+11
8/2/2020,2.05E+11
8/3/2020,2.05E+11
8/4/2020,2.05E+11
8/5/2020,2.11E+11
8/6/2020,2.11E+11
8/7/2020,2.11E+11
8/8/2020,2.18E+11
8/9/2020,2.18E+11
8/10/2020,2.18E+11
8/11/2020,2.16E+11
8/12/2020,2.16E+11
8/13/2020,2.16E+11
8/14/2020,2.17E+11
8/15/2020,2.17E+11
8/16/2020,2.17E+11
8/17/2020,2.18E+11
8/18/2020,2.18E+11
8/19/2020,2.18E+11
8/20/2020,2.17E+11
8/21/2020,2.17E+11
8/22/2020,2.17E+11
8/23/2020,2.13E+11
8/24/2020,2.13E+11
8/25/2020,2.13E+11
8/26/2020,2.10E+11
8/27/2020,2.10E+11
8/28/2020,2.10E+11
8/29/2020,2.12E+11
8/30/2020,2.12E+11
8/31/2020,2.12E+11
9/1/2020,2.21E+11
9/2/2020,2.21E+11
9/3/2020,2.21E+11
9/4/2020,1.95E+11
9/5/2020,1.95E+11
9/6/2020,1.95E+11
9/7/2020,1.89E+11
9/8/2020,1.89E+11
9/9/2020,1.89E+11
9/10/2020,1.91E+11
9/11/2020,1.91E+11
9/12/2020,1.91E+11
9/13/2020,1.93E+11
9/14/2020,1.93E+11
9/15/2020,1.93E+11
9/16/2020,1.99E+11
9/17/2020,1.99E+11
9/18/2020,2.01E+11
9/19/2020,2.01E+11
9/20/2020,2.01E+11
9/21/2020,1.94E+11
9/22/2020,1.94E+11
9/23/2020,1.94E+11
9/24/2020,1.94E+11
9/25/2020,1.98E+11
9/26/2020,1.98E+11
9/27/2020,1.99E+11
9/28/2020,1.99E+11
9/29/2020,1.99E+11
9/30/2020,1.99E+11
10/1/2020,2.00E+11
10/2/2020,2.00E+11
10/3/2020,2.00E+11
10/4/2020,1.96E+11
10/5/2020,1.96E+11
10/6/2020,1.96E+11
10/7/2020,1.96E+11
10/8/2020,1.96E+11
10/9/2020,1.96E+11
10/10/2020,2.11E+11
10/11/2020,2.11E+11
10/12/2020,2.11E+11
10/13/2020,2.12E+11
10/14/2020,2.12E+11
10/15/2020,2.12E+11
10/16/2020,2.09E+11
10/17/2020,2.09E+11
10/18/2020,2.09E+11
10/19/2020,2.12E+11
10/20/2020,2.12E+11
10/21/2020,2.12E+11
10/22/2020,2.39E+11
10/23/2020,2.39E+11
10/24/2020,2.39E+11
10/25/2020,2.41E+11
10/26/2020,2.41E+11
10/27/2020,2.41E+11
10/28/2020,2.41E+11
10/29/2020,2.41E+11
10/30/2020,2.50E+11
10/31/2020,2.50E+11
11/1/2020,2.50E+11
11/2/2020,2.50E+11
11/3/2020,2.47E+11
11/4/2020,2.47E+11
11/5/2020,2.47E+11
11/6/2020,2.93E+11
11/7/2020,2.93E+11
11/8/2020,2.93E+11
11/9/2020,2.87E+11
11/10/2020,2.87E+11
11/11/2020,2.91E+11
11/12/2020,2.91E+11
11/13/2020,2.91E+11
11/14/2020,2.97E+11
11/15/2020,2.97E+11
11/16/2020,2.97E+11
11/17/2020,3.29E+11
11/18/2020,3.29E+11
11/19/2020,3.29E+11
11/20/2020,3.39E+11
11/21/2020,3.39E+11
11/22/2020,3.39E+11
11/23/2020,3.42E+11
11/24/2020,3.42E+11
11/25/2020,3.42E+11
11/26/2020,3.30E+11
11/27/2020,3.30E+11
11/28/2020,3.30E+11
11/29/2020,3.28E+11
11/30/2020,3.28E+11
12/1/2020,3.28E+11
12/2/2020,3.56E+11
12/3/2020,3.56E+11
12/4/2020,3.56E+11
12/5/2020,3.52E+11
12/6/2020,3.52E+11
12/7/2020,3.52E+11
12/8/2020,3.49E+11
12/9/2020,3.49E+11
12/10/2020,3.49E+11
12/11/2020,3.34E+11
12/12/2020,3.34E+11
12/13/2020,3.34E+11
12/14/2020,3.57E+11
12/15/2020,3.57E+11
12/16/2020,3.57E+11
12/17/2020,4.20E+11
12/18/2020,4.20E+11
12/19/2020,4.20E+11
12/20/2020,4.51E+11
12/21/2020,4.51E+11
12/22/2020,4.51E+11
12/23/2020,4.28E+11
12/24/2020,4.28E+11
12/25/2020,4.28E+11
12/26/2020,4.28E+11
12/27/2020,4.95E+11
12/28/2020,4.95E+11
12/29/2020,4.95E+11
12/30/2020,5.14E+11
12/31/2020,5.14E+11
1/1/2021,5.46E+11
1/2/2021,5.46E+11
1/3/2021,5.46E+11
1/4/2021,5.75E+11
1/5/2021,5.75E+11
1/6/2021,5.75E+11
1/7/2021,7.00E+11
1/8/2021,7.00E+11
1/9/2021,7.00E+11
1/10/2021,7.57E+11
1/11/2021,7.57E+11
1/12/2021,6.28E+11
1/13/2021,6.28E+11
1/14/2021,6.28E+11
1/15/2021,6.83E+11
1/16/2021,6.83E+11
1/17/2021,6.83E+11
1/18/2021,6.83E+11
1/19/2021,6.90E+11
1/20/2021,6.90E+11
1/21/2021,6.90E+11
1/22/2021,5.86E+11
1/23/2021,5.86E+11
1/24/2021,5.86E+11
1/25/2021,6.19E+11
1/26/2021,6.19E+11
1/27/2021,6.19E+11
1/28/2021,5.83E+11
1/29/2021,5.83E+11
1/30/2021,5.83E+11
1/31/2021,6.28E+11
2/1/2021,6.28E+11
2/2/2021,6.28E+11
2/3/2021,6.71E+11
2/4/2021,6.71E+11
2/5/2021,6.71E+11
2/6/2021,7.28E+11
2/7/2021,7.28E+11
2/8/2021,8.79E+11
2/9/2021,8.79E+11
2/10/2021,8.79E+11
2/11/2021,8.79E+11
2/12/2021,8.74E+11
2/13/2021,8.74E+11
2/14/2021,8.74E+11
2/15/2021,8.69E+11
2/16/2021,8.69E+11
2/17/2021,8.69E+11
2/18/2021,9.63E+11
2/19/2021,9.63E+11
2/20/2021,9.63E+11
2/21/2021,1.07E+12
2/22/2021,1.07E+12
2/23/2021,1.07E+12
2/24/2021,9.20E+11
2/25/2021,9.20E+11
2/26/2021,9.20E+11
2/27/2021,8.78E+11
2/28/2021,8.78E+11
3/1/2021,8.78E+11
3/2/2021,8.87E+11
3/3/2021,8.87E+11
3/4/2021,8.87E+11
3/5/2021,9.09E+11
3/6/2021,9.09E+11
3/7/2021,9.09E+11
3/8/2021,9.63E+11
3/9/2021,9.63E+11
3/10/2021,9.63E+11
3/11/2021,9.63E+11
3/12/2021,1.07E+12
3/13/2021,1.07E+12
3/14/2021,1.13E+12
3/15/2021,1.13E+12
3/16/2021,1.13E+12
3/17/2021,1.13E+12
3/18/2021,1.11E+12
3/19/2021,1.11E+12
3/20/2021,1.09E+12
3/21/2021,1.09E+12
3/22/2021,1.09E+12
3/23/2021,1.03E+12
3/24/2021,1.03E+12
3/25/2021,1.03E+12
3/26/2021,1.01E+12
3/27/2021,1.01E+12
3/28/2021,1.01E+12
3/29/2021,1.08E+12
3/30/2021,1.08E+12
3/31/2021,1.08E+12
4/1/2021,1.10E+12
4/2/2021,1.10E+12
4/3/2021,1.10E+12
4/4/2021,1.08E+12
4/5/2021,1.08E+12
4/6/2021,1.08E+12
4/7/2021,1.05E+12
4/8/2021,1.05E+12
4/9/2021,1.05E+12
4/10/2021,1.13E+12
4/11/2021,1.13E+12
4/12/2021,1.13E+12
4/13/2021,1.18E+12
4/14/2021,1.18E+12
4/15/2021,1.18E+12
4/16/2021,1.15E+12
4/17/2021,1.15E+12
4/18/2021,1.15E+12
4/19/2021,1.15E+12
4/20/2021,1.15E+12
4/21/2021,1.06E+12
