Date,n-transactions-total
1/2/2009,1
1/3/2009,1
1/4/2009,1
1/5/2009,1
1/6/2009,1
1/7/2009,1
1/8/2009,1
1/9/2009,1
1/10/2009,77
1/11/2009,77
1/12/2009,77
1/13/2009,394
1/14/2009,394
1/15/2009,394
1/16/2009,768
1/17/2009,768
1/18/2009,768
1/19/2009,1102
1/20/2009,1102
1/21/2009,1102
1/22/2009,1412
1/23/2009,1412
1/24/2009,1412
1/25/2009,1892
1/26/2009,1892
1/27/2009,1892
1/28/2009,2199
1/29/2009,2199
1/30/2009,2199
1/31/2009,2577
2/1/2009,2577
2/2/2009,2577
2/3/2009,2975
2/4/2009,2975
2/5/2009,2975
2/6/2009,3342
2/7/2009,3342
2/8/2009,3342
2/9/2009,3743
2/10/2009,3743
2/11/2009,3743
2/12/2009,4117
2/13/2009,4117
2/14/2009,4117
2/15/2009,4508
2/16/2009,4508
2/17/2009,4508
2/18/2009,4866
2/19/2009,4866
2/20/2009,4866
2/21/2009,5227
2/22/2009,5227
2/23/2009,5227
2/24/2009,5566
2/25/2009,5566
2/26/2009,5566
2/27/2009,5894
2/28/2009,5894
3/1/2009,5894
3/2/2009,6207
3/3/2009,6207
3/4/2009,6207
3/5/2009,6533
3/6/2009,6533
3/7/2009,6533
3/8/2009,6533
3/9/2009,6877
3/10/2009,6877
3/11/2009,6877
3/12/2009,7206
3/13/2009,7206
3/14/2009,7206
3/15/2009,7549
3/16/2009,7549
3/17/2009,7549
3/18/2009,7908
3/19/2009,7908
3/20/2009,7908
3/21/2009,8265
3/22/2009,8265
3/23/2009,8265
3/24/2009,8566
3/25/2009,8566
3/26/2009,8566
3/27/2009,8906
3/28/2009,8906
3/29/2009,8906
3/30/2009,9250
3/31/2009,9250
4/1/2009,9250
4/2/2009,9595
4/3/2009,9595
4/4/2009,9595
4/5/2009,9939
4/6/2009,9939
4/7/2009,9939
4/8/2009,10280
4/9/2009,10280
4/10/2009,10280
4/11/2009,10592
4/12/2009,10592
4/13/2009,10592
4/14/2009,10949
4/15/2009,10949
4/16/2009,10949
4/17/2009,11309
4/18/2009,11309
4/19/2009,11309
4/20/2009,11671
4/21/2009,11671
4/22/2009,11671
4/23/2009,12037
4/24/2009,12037
4/25/2009,12037
4/26/2009,12345
4/27/2009,12345
4/28/2009,12345
4/29/2009,12680
4/30/2009,12680
5/1/2009,12680
5/2/2009,13061
5/3/2009,13061
5/4/2009,13061
5/5/2009,13427
5/6/2009,13427
5/7/2009,13427
5/8/2009,13820
5/9/2009,13820
5/10/2009,13820
5/11/2009,14090
5/12/2009,14090
5/13/2009,14090
5/14/2009,14457
5/15/2009,14457
5/16/2009,14457
5/17/2009,14855
5/18/2009,14855
5/19/2009,14855
5/20/2009,15186
5/21/2009,15186
5/22/2009,15186
5/23/2009,15450
5/24/2009,15450
5/25/2009,15450
5/26/2009,15690
5/27/2009,15690
5/28/2009,15690
5/29/2009,16029
5/30/2009,16029
5/31/2009,16029
6/1/2009,16342
6/2/2009,16342
6/3/2009,16342
6/4/2009,16596
6/5/2009,16596
6/6/2009,16596
6/7/2009,16719
6/8/2009,16719
6/9/2009,16719
6/10/2009,16908
6/11/2009,16908
6/12/2009,16908
6/13/2009,17165
6/14/2009,17165
6/15/2009,17165
6/16/2009,17399
6/17/2009,17399
6/18/2009,17399
6/19/2009,17629
6/20/2009,17629
6/21/2009,17629
6/22/2009,17875
6/23/2009,17875
6/24/2009,17875
6/25/2009,18125
6/26/2009,18125
6/27/2009,18125
6/28/2009,18368
6/29/2009,18368
6/30/2009,18368
7/1/2009,18585
7/2/2009,18585
7/3/2009,18585
7/4/2009,18826
7/5/2009,18826
7/6/2009,18826
7/7/2009,19078
7/8/2009,19078
7/9/2009,19078
7/10/2009,19307
7/11/2009,19307
7/12/2009,19307
7/13/2009,19548
7/14/2009,19548
7/15/2009,19548
7/16/2009,19740
7/17/2009,19740
7/18/2009,19740
7/19/2009,19863
7/20/2009,19863
7/21/2009,19863
7/22/2009,20085
7/23/2009,20085
7/24/2009,20085
7/25/2009,20294
7/26/2009,20294
7/27/2009,20294
7/28/2009,20421
7/29/2009,20421
7/30/2009,20421
7/31/2009,20498
8/1/2009,20498
8/2/2009,20498
8/3/2009,20566
8/4/2009,20566
8/5/2009,20566
8/6/2009,20746
8/7/2009,20746
8/8/2009,20746
8/9/2009,20997
8/10/2009,20997
8/11/2009,20997
8/12/2009,21243
8/13/2009,21243
8/14/2009,21243
8/15/2009,21454
8/16/2009,21454
8/17/2009,21454
8/18/2009,21517
8/19/2009,21517
8/20/2009,21517
8/21/2009,21567
8/22/2009,21567
8/23/2009,21567
8/24/2009,21602
8/25/2009,21602
8/26/2009,21602
8/27/2009,21718
8/28/2009,21718
8/29/2009,21718
8/30/2009,21900
8/31/2009,21900
9/1/2009,21900
9/2/2009,22164
9/3/2009,22164
9/4/2009,22164
9/5/2009,22355
9/6/2009,22355
9/7/2009,22355
9/8/2009,22578
9/9/2009,22578
9/10/2009,22578
9/11/2009,22768
9/12/2009,22768
9/13/2009,22768
9/14/2009,22979
9/15/2009,22979
9/16/2009,22979
9/17/2009,23170
9/18/2009,23170
9/19/2009,23170
9/20/2009,23407
9/21/2009,23407
9/22/2009,23407
9/23/2009,23582
9/24/2009,23582
9/25/2009,23582
9/26/2009,23807
9/27/2009,23807
9/28/2009,23807
9/29/2009,24080
9/30/2009,24080
10/1/2009,24080
10/2/2009,24337
10/3/2009,24337
10/4/2009,24337
10/5/2009,24521
10/6/2009,24521
10/7/2009,24521
10/8/2009,24681
10/9/2009,24681
10/10/2009,24681
10/11/2009,24907
10/12/2009,24907
10/13/2009,24907
10/14/2009,25097
10/15/2009,25097
10/16/2009,25097
10/17/2009,25298
10/18/2009,25298
10/19/2009,25298
10/20/2009,25542
10/21/2009,25542
10/22/2009,25542
10/23/2009,25810
10/24/2009,25810
10/25/2009,25810
10/26/2009,26038
10/27/2009,26038
10/28/2009,26038
10/29/2009,26241
10/30/2009,26241
10/31/2009,26241
11/1/2009,26394
11/2/2009,26394
11/3/2009,26514
11/4/2009,26514
11/5/2009,26514
11/6/2009,26697
11/7/2009,26697
11/8/2009,26697
11/9/2009,26903
11/10/2009,26903
11/11/2009,26903
11/12/2009,27121
11/13/2009,27121
11/14/2009,27121
11/15/2009,27378
11/16/2009,27378
11/17/2009,27378
11/18/2009,27646
11/19/2009,27646
11/20/2009,27646
11/21/2009,27877
11/22/2009,27877
11/23/2009,27877
11/24/2009,28172
11/25/2009,28172
11/26/2009,28172
11/27/2009,28420
11/28/2009,28420
11/29/2009,28420
11/30/2009,28626
12/1/2009,28626
12/2/2009,28626
12/3/2009,28882
12/4/2009,28882
12/5/2009,28882
12/6/2009,29088
12/7/2009,29088
12/8/2009,29088
12/9/2009,29416
12/10/2009,29416
12/11/2009,29416
12/12/2009,29744
12/13/2009,29744
12/14/2009,29744
12/15/2009,30077
12/16/2009,30077
12/17/2009,30077
12/18/2009,30611
12/19/2009,30611
12/20/2009,30611
12/21/2009,31161
12/22/2009,31161
12/23/2009,31161
12/24/2009,31631
12/25/2009,31631
12/26/2009,31631
12/27/2009,32123
12/28/2009,32123
12/29/2009,32123
12/30/2009,32572
12/31/2009,32572
1/1/2010,32572
1/2/2010,32970
1/3/2010,32970
1/4/2010,32970
1/5/2010,33537
1/6/2010,33537
1/7/2010,33537
1/8/2010,34007
1/9/2010,34007
1/10/2010,34007
1/11/2010,34507
1/12/2010,34507
1/13/2010,34507
1/14/2010,34979
1/15/2010,34979
1/16/2010,34979
1/17/2010,35378
1/18/2010,35378
1/19/2010,35378
1/20/2010,35786
1/21/2010,35786
1/22/2010,35786
1/23/2010,36268
1/24/2010,36268
1/25/2010,36268
1/26/2010,36839
1/27/2010,36839
1/28/2010,36839
1/29/2010,37385
1/30/2010,37385
1/31/2010,37385
2/1/2010,37959
2/2/2010,37959
2/3/2010,37959
2/4/2010,38611
2/5/2010,38611
2/6/2010,38611
2/7/2010,39266
2/8/2010,39266
2/9/2010,39266
2/10/2010,39857
2/11/2010,39857
2/12/2010,39857
2/13/2010,40454
2/14/2010,40454
2/15/2010,40454
2/16/2010,41059
2/17/2010,41059
2/18/2010,41059
2/19/2010,41719
2/20/2010,41719
2/21/2010,41719
2/22/2010,42421
2/23/2010,42421
2/24/2010,42421
2/25/2010,43007
2/26/2010,43007
2/27/2010,43007
2/28/2010,43517
3/1/2010,43517
3/2/2010,43517
3/3/2010,44067
3/4/2010,44067
3/5/2010,44067
3/6/2010,44611
3/7/2010,44611
3/8/2010,44611
3/9/2010,45072
3/10/2010,45072
3/11/2010,45072
3/12/2010,45500
3/13/2010,45500
3/14/2010,45500
3/15/2010,45500
3/16/2010,45921
3/17/2010,45921
3/18/2010,45921
3/19/2010,46338
3/20/2010,46338
3/21/2010,46338
3/22/2010,46894
3/23/2010,46894
3/24/2010,46894
3/25/2010,47482
3/26/2010,47482
3/27/2010,47482
3/28/2010,48081
3/29/2010,48081
3/30/2010,48081
3/31/2010,48701
4/1/2010,48701
4/2/2010,48701
4/3/2010,49255
4/4/2010,49255
4/5/2010,49255
4/6/2010,49785
4/7/2010,49785
4/8/2010,49785
4/9/2010,50361
4/10/2010,50361
4/11/2010,50361
4/12/2010,51145
4/13/2010,51145
4/14/2010,51145
4/15/2010,51827
4/16/2010,51827
4/17/2010,51827
4/18/2010,52599
4/19/2010,52599
4/20/2010,52599
4/21/2010,56469
4/22/2010,56469
4/23/2010,56469
4/24/2010,57120
4/25/2010,57120
4/26/2010,57120
4/27/2010,57737
4/28/2010,57737
4/29/2010,57737
4/30/2010,58376
5/1/2010,58376
5/2/2010,58376
5/3/2010,58937
5/4/2010,58937
5/5/2010,58937
5/6/2010,59463
5/7/2010,59463
5/8/2010,59463
5/9/2010,59980
5/10/2010,59980
5/11/2010,59980
5/12/2010,60451
5/13/2010,60451
5/14/2010,60451
5/15/2010,60929
5/16/2010,60929
5/17/2010,60929
5/18/2010,61353
5/19/2010,61353
5/20/2010,61353
5/21/2010,62020
5/22/2010,62020
5/23/2010,62020
5/24/2010,62790
5/25/2010,62790
5/26/2010,62790
5/27/2010,63581
5/28/2010,63581
5/29/2010,63581
5/30/2010,64364
5/31/2010,64364
6/1/2010,64364
6/2/2010,64941
6/3/2010,64941
6/4/2010,64941
6/5/2010,65543
6/6/2010,65543
6/7/2010,65543
6/8/2010,66142
6/9/2010,66142
6/10/2010,66142
6/11/2010,66802
6/12/2010,66802
6/13/2010,66802
6/14/2010,67500
6/15/2010,67500
6/16/2010,67500
6/17/2010,68219
6/18/2010,68219
6/19/2010,68219
6/20/2010,68831
6/21/2010,68831
6/22/2010,68831
6/23/2010,69528
6/24/2010,69528
6/25/2010,69528
6/26/2010,70234
6/27/2010,70234
6/28/2010,70234
6/29/2010,70899
6/30/2010,70899
7/1/2010,70899
7/2/2010,71722
7/3/2010,71722
7/4/2010,71722
7/5/2010,72472
7/6/2010,72472
7/7/2010,72472
7/8/2010,73154
7/9/2010,73154
7/10/2010,73154
7/11/2010,73880
7/12/2010,73880
7/13/2010,73880
7/14/2010,78013
7/15/2010,78013
7/16/2010,78013
7/17/2010,86659
7/18/2010,86659
7/19/2010,86659
7/20/2010,88011
7/21/2010,88011
7/22/2010,88011
7/23/2010,89468
7/24/2010,89468
7/25/2010,89468
7/26/2010,92593
7/27/2010,92593
7/28/2010,92593
7/29/2010,95583
7/30/2010,95583
7/31/2010,95583
8/1/2010,97925
8/2/2010,97925
8/3/2010,97925
8/4/2010,99336
8/5/2010,99336
8/6/2010,99336
8/7/2010,100653
8/8/2010,100653
8/9/2010,100653
8/10/2010,101736
8/11/2010,101736
8/12/2010,101736
8/13/2010,102879
8/14/2010,102879
8/15/2010,102879
8/16/2010,104146
8/17/2010,104146
8/18/2010,104146
8/19/2010,105292
8/20/2010,105292
8/21/2010,105292
8/22/2010,106382
8/23/2010,106382
8/24/2010,106382
8/25/2010,107499
8/26/2010,107499
8/27/2010,107499
8/28/2010,108525
8/29/2010,108525
8/30/2010,108525
8/31/2010,109452
9/1/2010,109452
9/2/2010,109452
9/3/2010,110594
9/4/2010,110594
9/5/2010,110594
9/6/2010,111497
9/7/2010,111497
9/8/2010,111497
9/9/2010,112396
9/10/2010,112396
9/11/2010,112396
9/12/2010,113387
9/13/2010,113387
9/14/2010,113387
9/15/2010,114625
9/16/2010,114625
9/17/2010,114625
9/18/2010,115854
9/19/2010,115854
9/20/2010,115854
9/21/2010,117081
9/22/2010,117081
9/23/2010,117081
9/24/2010,119213
9/25/2010,119213
9/26/2010,119213
9/27/2010,120652
9/28/2010,120652
9/29/2010,120652
9/30/2010,122715
10/1/2010,122715
10/2/2010,122715
10/3/2010,124173
10/4/2010,124173
10/5/2010,124173
10/6/2010,125319
10/7/2010,125319
10/8/2010,125319
10/9/2010,126429
10/10/2010,126429
10/11/2010,126429
10/12/2010,127537
10/13/2010,127537
10/14/2010,127537
10/15/2010,128616
10/16/2010,128616
10/17/2010,128616
10/18/2010,129843
10/19/2010,129843
10/20/2010,129843
10/21/2010,132072
10/22/2010,132072
10/23/2010,132072
10/24/2010,133731
10/25/2010,133731
10/26/2010,133731
10/27/2010,135210
10/28/2010,135210
10/29/2010,135210
10/30/2010,136731
10/31/2010,136731
11/1/2010,136731
11/2/2010,137818
11/3/2010,137818
11/4/2010,137818
11/5/2010,138791
11/6/2010,138791
11/7/2010,140078
11/8/2010,140078
11/9/2010,140078
11/10/2010,141400
11/11/2010,141400
11/12/2010,141400
11/13/2010,142421
11/14/2010,142421
11/15/2010,142421
11/16/2010,156814
11/17/2010,156814
11/18/2010,156814
11/19/2010,168379
11/20/2010,168379
11/21/2010,168379
11/22/2010,188510
11/23/2010,188510
11/24/2010,188510
11/25/2010,197760
11/26/2010,197760
11/27/2010,197760
11/28/2010,199970
11/29/2010,199970
11/30/2010,199970
12/1/2010,201391
12/2/2010,201391
12/3/2010,201391
12/4/2010,202649
12/5/2010,202649
12/6/2010,202649
12/7/2010,204122
12/8/2010,204122
12/9/2010,204122
12/10/2010,205503
12/11/2010,205503
12/12/2010,205503
12/13/2010,207340
12/14/2010,207340
12/15/2010,207340
12/16/2010,209166
12/17/2010,209166
12/18/2010,209166
12/19/2010,210682
12/20/2010,210682
12/21/2010,210682
12/22/2010,212907
12/23/2010,212907
12/24/2010,212907
12/25/2010,214588
12/26/2010,214588
12/27/2010,214588
12/28/2010,216356
12/29/2010,216356
12/30/2010,216356
12/31/2010,218015
1/1/2011,218015
1/2/2011,218015
1/3/2011,220378
1/4/2011,220378
1/5/2011,220378
1/6/2011,223358
1/7/2011,223358
1/8/2011,223358
1/9/2011,227034
1/10/2011,227034
1/11/2011,227034
1/12/2011,230875
1/13/2011,230875
1/14/2011,230875
1/15/2011,234368
1/16/2011,234368
1/17/2011,234368
1/18/2011,236965
1/19/2011,236965
1/20/2011,236965
1/21/2011,239950
1/22/2011,239950
1/23/2011,239950
1/24/2011,243796
1/25/2011,243796
1/26/2011,243796
1/27/2011,246525
1/28/2011,246525
1/29/2011,246525
1/30/2011,251703
1/31/2011,251703
2/1/2011,251703
2/2/2011,254850
2/3/2011,254850
2/4/2011,254850
2/5/2011,257425
2/6/2011,257425
2/7/2011,257425
2/8/2011,260077
2/9/2011,260077
2/10/2011,260077
2/11/2011,265682
2/12/2011,265682
2/13/2011,265682
2/14/2011,271433
2/15/2011,271433
2/16/2011,271433
2/17/2011,277969
2/18/2011,277969
2/19/2011,277969
2/20/2011,283566
2/21/2011,283566
2/22/2011,283566
2/23/2011,289987
2/24/2011,289987
2/25/2011,289987
2/26/2011,296097
2/27/2011,296097
2/28/2011,296097
3/1/2011,302826
3/2/2011,302826
3/3/2011,302826
3/4/2011,310025
3/5/2011,310025
3/6/2011,310025
3/7/2011,316020
3/8/2011,316020
3/9/2011,316020
3/10/2011,321981
3/11/2011,321981
3/12/2011,321981
3/13/2011,321981
3/14/2011,329506
3/15/2011,329506
3/16/2011,329506
3/17/2011,338196
3/18/2011,338196
3/19/2011,338196
3/20/2011,347226
3/21/2011,347226
3/22/2011,347226
3/23/2011,359373
3/24/2011,359373
3/25/2011,359373
3/26/2011,368019
3/27/2011,368019
3/28/2011,368019
3/29/2011,376983
3/30/2011,376983
3/31/2011,376983
4/1/2011,383322
4/2/2011,383322
4/3/2011,383322
4/4/2011,388481
4/5/2011,388481
4/6/2011,388481
4/7/2011,394764
4/8/2011,394764
4/9/2011,394764
4/10/2011,399943
4/11/2011,399943
4/12/2011,399943
4/13/2011,405697
4/14/2011,405697
4/15/2011,405697
4/16/2011,412973
4/17/2011,412973
4/18/2011,412973
4/19/2011,420460
4/20/2011,420460
4/21/2011,420460
4/22/2011,428916
4/23/2011,428916
4/24/2011,428916
4/25/2011,435594
4/26/2011,435594
4/27/2011,435594
4/28/2011,446280
4/29/2011,446280
4/30/2011,446280
5/1/2011,457261
5/2/2011,457261
5/3/2011,457261
5/4/2011,467263
5/5/2011,467263
5/6/2011,467263
5/7/2011,476816
5/8/2011,476816
5/9/2011,476816
5/10/2011,487088
5/11/2011,487088
5/12/2011,487088
5/13/2011,496685
5/14/2011,496685
5/15/2011,496685
5/16/2011,508950
5/17/2011,508950
5/18/2011,508950
5/19/2011,523374
5/20/2011,523374
5/21/2011,523374
5/22/2011,537766
5/23/2011,537766
5/24/2011,537766
5/25/2011,554640
5/26/2011,554640
5/27/2011,554640
5/28/2011,572726
5/29/2011,572726
5/30/2011,572726
5/31/2011,587870
6/1/2011,587870
6/2/2011,587870
6/3/2011,607637
6/4/2011,607637
6/5/2011,607637
6/6/2011,633426
6/7/2011,633426
6/8/2011,633426
6/9/2011,663999
6/10/2011,663999
6/11/2011,663999
6/12/2011,698337
6/13/2011,698337
6/14/2011,698337
6/15/2011,736136
6/16/2011,736136
6/17/2011,736136
6/18/2011,772962
6/19/2011,772962
6/20/2011,772962
6/21/2011,807078
6/22/2011,807078
6/23/2011,807078
6/24/2011,838751
6/25/2011,838751
6/26/2011,838751
6/27/2011,869460
6/28/2011,869460
6/29/2011,869460
6/30/2011,901855
7/1/2011,901855
7/2/2011,901855
7/3/2011,930034
7/4/2011,930034
7/5/2011,930034
7/6/2011,957005
7/7/2011,957005
7/8/2011,957005
7/9/2011,985227
7/10/2011,985227
7/11/2011,985227
7/12/2011,1012002
7/13/2011,1012002
7/14/2011,1012002
7/15/2011,1038023
7/16/2011,1038023
7/17/2011,1038023
7/18/2011,1063347
7/19/2011,1063347
7/20/2011,1063347
7/21/2011,1090253
7/22/2011,1090253
7/23/2011,1090253
7/24/2011,1114890
7/25/2011,1114890
7/26/2011,1114890
7/27/2011,1141000
7/28/2011,1141000
7/29/2011,1141000
7/30/2011,1164379
7/31/2011,1164379
8/1/2011,1164379
8/2/2011,1186975
8/3/2011,1186975
8/4/2011,1186975
8/5/2011,1211802
8/6/2011,1211802
8/7/2011,1211802
8/8/2011,1232602
8/9/2011,1232602
8/10/2011,1232602
8/11/2011,1257474
8/12/2011,1257474
8/13/2011,1257474
8/14/2011,1279613
8/15/2011,1279613
8/16/2011,1279613
8/17/2011,1305191
8/18/2011,1305191
8/19/2011,1305191
8/20/2011,1327860
8/21/2011,1327860
8/22/2011,1327860
8/23/2011,1350513
8/24/2011,1350513
8/25/2011,1350513
8/26/2011,1372434
8/27/2011,1372434
8/28/2011,1372434
8/29/2011,1391867
8/30/2011,1391867
8/31/2011,1391867
9/1/2011,1415021
9/2/2011,1415021
9/3/2011,1415021
9/4/2011,1435204
9/5/2011,1435204
9/6/2011,1435204
9/7/2011,1457332
9/8/2011,1457332
9/9/2011,1457332
9/10/2011,1478228
9/11/2011,1478228
9/12/2011,1478228
9/13/2011,1497195
9/14/2011,1497195
9/15/2011,1497195
9/16/2011,1516381
9/17/2011,1516381
9/18/2011,1516381
9/19/2011,1534053
9/20/2011,1534053
9/21/2011,1534053
9/22/2011,1556614
9/23/2011,1556614
9/24/2011,1556614
9/25/2011,1574748
9/26/2011,1574748
9/27/2011,1574748
9/28/2011,1592314
9/29/2011,1592314
9/30/2011,1592314
10/1/2011,1609722
10/2/2011,1609722
10/3/2011,1609722
10/4/2011,1626669
10/5/2011,1626669
10/6/2011,1626669
10/7/2011,1644109
10/8/2011,1644109
10/9/2011,1644109
10/10/2011,1660608
10/11/2011,1660608
10/12/2011,1660608
10/13/2011,1678394
10/14/2011,1678394
10/15/2011,1678394
10/16/2011,1695053
10/17/2011,1695053
10/18/2011,1695053
10/19/2011,1710749
10/20/2011,1710749
10/21/2011,1710749
10/22/2011,1725647
10/23/2011,1725647
10/24/2011,1725647
10/25/2011,1742318
10/26/2011,1742318
10/27/2011,1742318
10/28/2011,1757548
10/29/2011,1757548
10/30/2011,1757548
10/31/2011,1773216
11/1/2011,1773216
11/2/2011,1773216
11/3/2011,1790113
11/4/2011,1790113
11/5/2011,1790113
11/6/2011,1808836
11/7/2011,1808836
11/8/2011,1825483
11/9/2011,1825483
11/10/2011,1825483
11/11/2011,1843082
11/12/2011,1843082
11/13/2011,1843082
11/14/2011,1859842
11/15/2011,1859842
11/16/2011,1859842
11/17/2011,1877026
11/18/2011,1877026
11/19/2011,1877026
11/20/2011,1892048
11/21/2011,1892048
11/22/2011,1892048
11/23/2011,1907855
11/24/2011,1907855
11/25/2011,1907855
11/26/2011,1923128
11/27/2011,1923128
11/28/2011,1923128
11/29/2011,1940579
11/30/2011,1940579
12/1/2011,1940579
12/2/2011,1960034
12/3/2011,1960034
12/4/2011,1960034
12/5/2011,1977332
12/6/2011,1977332
12/7/2011,1977332
12/8/2011,1997246
12/9/2011,1997246
12/10/2011,1997246
12/11/2011,2013872
12/12/2011,2013872
12/13/2011,2013872
12/14/2011,2029751
12/15/2011,2029751
12/16/2011,2029751
12/17/2011,2044776
12/18/2011,2044776
12/19/2011,2044776
12/20/2011,2061514
12/21/2011,2061514
12/22/2011,2061514
12/23/2011,2078604
12/24/2011,2078604
12/25/2011,2078604
12/26/2011,2094238
12/27/2011,2094238
12/28/2011,2094238
12/29/2011,2109651
12/30/2011,2109651
12/31/2011,2109651
1/1/2012,2124845
1/2/2012,2124845
1/3/2012,2124845
1/4/2012,2141802
1/5/2012,2141802
1/6/2012,2141802
1/7/2012,2161342
1/8/2012,2161342
1/9/2012,2161342
1/10/2012,2180452
1/11/2012,2180452
1/12/2012,2180452
1/13/2012,2201124
1/14/2012,2201124
1/15/2012,2201124
1/16/2012,2221206
1/17/2012,2221206
1/18/2012,2221206
1/19/2012,2241589
1/20/2012,2241589
1/21/2012,2241589
1/22/2012,2260033
1/23/2012,2260033
1/24/2012,2260033
1/25/2012,2281446
1/26/2012,2281446
1/27/2012,2281446
1/28/2012,2300283
1/29/2012,2300283
1/30/2012,2300283
1/31/2012,2319723
2/1/2012,2319723
2/2/2012,2319723
2/3/2012,2340449
2/4/2012,2340449
2/5/2012,2340449
2/6/2012,2360562
2/7/2012,2360562
2/8/2012,2360562
2/9/2012,2382119
2/10/2012,2382119
2/11/2012,2382119
2/12/2012,2405291
2/13/2012,2405291
2/14/2012,2405291
2/15/2012,2432258
2/16/2012,2432258
2/17/2012,2432258
2/18/2012,2454923
2/19/2012,2454923
2/20/2012,2454923
2/21/2012,2473595
2/22/2012,2473595
2/23/2012,2473595
2/24/2012,2495812
2/25/2012,2495812
2/26/2012,2495812
2/27/2012,2514670
2/28/2012,2514670
2/29/2012,2514670
3/1/2012,2534962
3/2/2012,2534962
3/3/2012,2534962
3/4/2012,2554315
3/5/2012,2554315
3/6/2012,2554315
3/7/2012,2574258
3/8/2012,2574258
3/9/2012,2574258
3/10/2012,2592841
3/11/2012,2592841
3/12/2012,2592841
3/13/2012,2592841
3/14/2012,2611618
3/15/2012,2611618
3/16/2012,2611618
3/17/2012,2631707
3/18/2012,2631707
3/19/2012,2631707
3/20/2012,2651310
3/21/2012,2651310
3/22/2012,2651310
3/23/2012,2671690
3/24/2012,2671690
3/25/2012,2671690
3/26/2012,2690347
3/27/2012,2690347
3/28/2012,2690347
3/29/2012,2710879
3/30/2012,2710879
3/31/2012,2710879
4/1/2012,2731514
4/2/2012,2731514
4/3/2012,2731514
4/4/2012,2751309
4/5/2012,2751309
4/6/2012,2751309
4/7/2012,2772152
4/8/2012,2772152
4/9/2012,2772152
4/10/2012,2790733
4/11/2012,2790733
4/12/2012,2790733
4/13/2012,2815352
4/14/2012,2815352
4/15/2012,2815352
4/16/2012,2837823
4/17/2012,2837823
4/18/2012,2837823
4/19/2012,2862799
4/20/2012,2862799
4/21/2012,2862799
4/22/2012,2886185
4/23/2012,2886185
4/24/2012,2886185
4/25/2012,2907339
4/26/2012,2907339
4/27/2012,2907339
4/28/2012,2932046
4/29/2012,2932046
4/30/2012,2932046
5/1/2012,2956670
5/2/2012,2956670
5/3/2012,2956670
5/4/2012,2990876
5/5/2012,2990876
5/6/2012,2990876
5/7/2012,3029104
5/8/2012,3029104
5/9/2012,3029104
5/10/2012,3082407
5/11/2012,3082407
5/12/2012,3082407
5/13/2012,3131585
5/14/2012,3131585
5/15/2012,3131585
5/16/2012,3196801
5/17/2012,3196801
5/18/2012,3196801
5/19/2012,3256934
5/20/2012,3256934
5/21/2012,3256934
5/22/2012,3354714
5/23/2012,3354714
5/24/2012,3354714
5/25/2012,3432404
5/26/2012,3432404
5/27/2012,3432404
5/28/2012,3510999
5/29/2012,3510999
5/30/2012,3510999
5/31/2012,3596692
6/1/2012,3596692
6/2/2012,3596692
6/3/2012,3657304
6/4/2012,3657304
6/5/2012,3657304
6/6/2012,3780999
6/7/2012,3780999
6/8/2012,3780999
6/9/2012,3854429
6/10/2012,3854429
6/11/2012,3854429
6/12/2012,3960341
6/13/2012,3960341
6/14/2012,3960341
6/15/2012,4097822
6/16/2012,4097822
6/17/2012,4097822
6/18/2012,4239669
6/19/2012,4239669
6/20/2012,4239669
6/21/2012,4347208
6/22/2012,4347208
6/23/2012,4347208
6/24/2012,4419553
6/25/2012,4419553
6/26/2012,4419553
6/27/2012,4500973
6/28/2012,4500973
6/29/2012,4500973
6/30/2012,4581177
7/1/2012,4581177
7/2/2012,4581177
7/3/2012,4648366
7/4/2012,4648366
7/5/2012,4648366
7/6/2012,4715628
7/7/2012,4715628
7/8/2012,4715628
7/9/2012,4785908
7/10/2012,4785908
7/11/2012,4785908
7/12/2012,4877845
7/13/2012,4877845
7/14/2012,4877845
7/15/2012,4949089
7/16/2012,4949089
7/17/2012,4949089
7/18/2012,5042031
7/19/2012,5042031
7/20/2012,5042031
7/21/2012,5142579
7/22/2012,5142579
7/23/2012,5142579
7/24/2012,5244986
7/25/2012,5244986
7/26/2012,5244986
7/27/2012,5331059
7/28/2012,5331059
7/29/2012,5331059
7/30/2012,5428001
7/31/2012,5428001
8/1/2012,5428001
8/2/2012,5534741
8/3/2012,5534741
8/4/2012,5534741
8/5/2012,5624370
8/6/2012,5624370
8/7/2012,5624370
8/8/2012,5722485
8/9/2012,5722485
8/10/2012,5722485
8/11/2012,5821082
8/12/2012,5821082
8/13/2012,5821082
8/14/2012,5937610
8/15/2012,5937610
8/16/2012,5937610
8/17/2012,6071949
8/18/2012,6071949
8/19/2012,6071949
8/20/2012,6186236
8/21/2012,6186236
8/22/2012,6186236
8/23/2012,6302819
8/24/2012,6302819
8/25/2012,6302819
8/26/2012,6399905
8/27/2012,6399905
8/28/2012,6399905
8/29/2012,6493359
8/30/2012,6493359
8/31/2012,6493359
9/1/2012,6601644
9/2/2012,6601644
9/3/2012,6601644
9/4/2012,6713836
9/5/2012,6713836
9/6/2012,6713836
9/7/2012,6837762
9/8/2012,6837762
9/9/2012,6837762
9/10/2012,6934150
9/11/2012,6934150
9/12/2012,6934150
9/13/2012,7033762
9/14/2012,7033762
9/15/2012,7033762
9/16/2012,7126105
9/17/2012,7126105
9/18/2012,7126105
9/19/2012,7212065
9/20/2012,7212065
9/21/2012,7212065
9/22/2012,7305777
9/23/2012,7305777
9/24/2012,7305777
9/25/2012,7384773
9/26/2012,7384773
9/27/2012,7384773
9/28/2012,7469875
9/29/2012,7469875
9/30/2012,7469875
10/1/2012,7547257
10/2/2012,7547257
10/3/2012,7547257
10/4/2012,7632216
10/5/2012,7632216
10/6/2012,7632216
10/7/2012,7733871
10/8/2012,7733871
10/9/2012,7733871
10/10/2012,7842090
10/11/2012,7842090
10/12/2012,7842090
10/13/2012,7929341
10/14/2012,7929341
10/15/2012,7929341
10/16/2012,8020804
10/17/2012,8020804
10/18/2012,8020804
10/19/2012,8115294
10/20/2012,8115294
10/21/2012,8115294
10/22/2012,8211789
10/23/2012,8211789
10/24/2012,8211789
10/25/2012,8320171
10/26/2012,8320171
10/27/2012,8320171
10/28/2012,8384780
10/29/2012,8384780
10/30/2012,8384780
10/31/2012,8455169
11/1/2012,8455169
11/2/2012,8455169
11/3/2012,8535419
11/4/2012,8535419
11/5/2012,8615670
11/6/2012,8615670
11/7/2012,8615670
11/8/2012,8716877
11/9/2012,8716877
11/10/2012,8716877
11/11/2012,8792250
11/12/2012,8792250
11/13/2012,8792250
11/14/2012,8873531
11/15/2012,8873531
11/16/2012,8873531
11/17/2012,8983131
11/18/2012,8983131
11/19/2012,8983131
11/20/2012,9091249
11/21/2012,9091249
11/22/2012,9091249
11/23/2012,9192843
11/24/2012,9192843
11/25/2012,9192843
11/26/2012,9295334
11/27/2012,9295334
11/28/2012,9295334
11/29/2012,9397510
11/30/2012,9397510
12/1/2012,9397510
12/2/2012,9481642
12/3/2012,9481642
12/4/2012,9481642
12/5/2012,9569862
12/6/2012,9569862
12/7/2012,9569862
12/8/2012,9672147
12/9/2012,9672147
12/10/2012,9672147
12/11/2012,9777350
12/12/2012,9777350
12/13/2012,9777350
12/14/2012,9895478
12/15/2012,9895478
12/16/2012,9895478
12/17/2012,10004591
12/18/2012,10004591
12/19/2012,10004591
12/20/2012,10134769
12/21/2012,10134769
12/22/2012,10134769
12/23/2012,10267838
12/24/2012,10267838
12/25/2012,10267838
12/26/2012,10368446
12/27/2012,10368446
12/28/2012,10368446
12/29/2012,10497706
12/30/2012,10497706
12/31/2012,10497706
1/1/2013,10604939
1/2/2013,10604939
1/3/2013,10604939
1/4/2013,10735762
1/5/2013,10735762
1/6/2013,10735762
1/7/2013,10847978
1/8/2013,10847978
1/9/2013,10847978
1/10/2013,10983128
1/11/2013,10983128
1/12/2013,10983128
1/13/2013,11130720
1/14/2013,11130720
1/15/2013,11130720
1/16/2013,11274106
1/17/2013,11274106
1/18/2013,11274106
1/19/2013,11427380
1/20/2013,11427380
1/21/2013,11427380
1/22/2013,11552685
1/23/2013,11552685
1/24/2013,11552685
1/25/2013,11694549
1/26/2013,11694549
1/27/2013,11694549
1/28/2013,11854609
1/29/2013,11854609
1/30/2013,11854609
1/31/2013,11999063
2/1/2013,11999063
2/2/2013,11999063
2/3/2013,12173379
2/4/2013,12173379
2/5/2013,12173379
2/6/2013,12325072
2/7/2013,12325072
2/8/2013,12325072
2/9/2013,12504929
2/10/2013,12504929
2/11/2013,12504929
2/12/2013,12677518
2/13/2013,12677518
2/14/2013,12677518
2/15/2013,12842453
2/16/2013,12842453
2/17/2013,12842453
2/18/2013,12994659
2/19/2013,12994659
2/20/2013,12994659
2/21/2013,13164934
2/22/2013,13164934
2/23/2013,13164934
2/24/2013,13341899
2/25/2013,13341899
2/26/2013,13341899
2/27/2013,13533350
2/28/2013,13533350
3/1/2013,13533350
3/2/2013,13717007
3/3/2013,13717007
3/4/2013,13717007
3/5/2013,13892078
3/6/2013,13892078
3/7/2013,13892078
3/8/2013,14077212
3/9/2013,14077212
3/10/2013,14077212
3/11/2013,14077212
3/12/2013,14266151
3/13/2013,14266151
3/14/2013,14266151
3/15/2013,14429629
3/16/2013,14429629
3/17/2013,14429629
3/18/2013,14561854
3/19/2013,14561854
3/20/2013,14561854
3/21/2013,14697928
3/22/2013,14697928
3/23/2013,14697928
3/24/2013,14866678
3/25/2013,14866678
3/26/2013,14866678
3/27/2013,15016413
3/28/2013,15016413
3/29/2013,15016413
3/30/2013,15192028
3/31/2013,15192028
4/1/2013,15192028
4/2/2013,15348705
4/3/2013,15348705
4/4/2013,15348705
4/5/2013,15542903
4/6/2013,15542903
4/7/2013,15542903
4/8/2013,15719501
4/9/2013,15719501
4/10/2013,15719501
4/11/2013,15912417
4/12/2013,15912417
4/13/2013,15912417
4/14/2013,16092587
4/15/2013,16092587
4/16/2013,16092587
4/17/2013,16270075
4/18/2013,16270075
4/19/2013,16270075
4/20/2013,16433334
4/21/2013,16433334
4/22/2013,16433334
4/23/2013,16572838
4/24/2013,16572838
4/25/2013,16572838
4/26/2013,16761409
4/27/2013,16761409
4/28/2013,16761409
4/29/2013,16903517
4/30/2013,16903517
5/1/2013,16903517
5/2/2013,17057977
5/3/2013,17057977
5/4/2013,17057977
5/5/2013,17215503
5/6/2013,17215503
5/7/2013,17215503
5/8/2013,17375748
5/9/2013,17375748
5/10/2013,17375748
5/11/2013,17560459
5/12/2013,17560459
5/13/2013,17560459
5/14/2013,17760476
5/15/2013,17760476
5/16/2013,17760476
5/17/2013,17952352
5/18/2013,17952352
5/19/2013,17952352
5/20/2013,18111167
5/21/2013,18111167
5/22/2013,18111167
5/23/2013,18266162
5/24/2013,18266162
5/25/2013,18266162
5/26/2013,18432573
5/27/2013,18432573
5/28/2013,18432573
5/29/2013,18582894
5/30/2013,18582894
5/31/2013,18582894
6/1/2013,18749567
6/2/2013,18749567
6/3/2013,18749567
6/4/2013,18909748
6/5/2013,18909748
6/6/2013,18909748
6/7/2013,19078987
6/8/2013,19078987
6/9/2013,19078987
6/10/2013,19223705
6/11/2013,19223705
6/12/2013,19223705
6/13/2013,19364077
6/14/2013,19364077
6/15/2013,19364077
6/16/2013,19493039
6/17/2013,19493039
6/18/2013,19493039
6/19/2013,19627938
6/20/2013,19627938
6/21/2013,19627938
6/22/2013,19774768
6/23/2013,19774768
6/24/2013,19774768
6/25/2013,19901753
6/26/2013,19901753
6/27/2013,19901753
6/28/2013,20038441
6/29/2013,20038441
6/30/2013,20038441
7/1/2013,20155097
7/2/2013,20155097
7/3/2013,20155097
7/4/2013,20269479
7/5/2013,20269479
7/6/2013,20269479
7/7/2013,20375282
7/8/2013,20375282
7/9/2013,20375282
7/10/2013,20486099
7/11/2013,20486099
7/12/2013,20486099
7/13/2013,20617572
7/14/2013,20617572
7/15/2013,20617572
7/16/2013,20726896
7/17/2013,20726896
7/18/2013,20726896
7/19/2013,20848097
7/20/2013,20848097
7/21/2013,20848097
7/22/2013,20953905
7/23/2013,20953905
7/24/2013,20953905
7/25/2013,21074800
7/26/2013,21074800
7/27/2013,21074800
7/28/2013,21191307
7/29/2013,21191307
7/30/2013,21191307
7/31/2013,21313183
8/1/2013,21313183
8/2/2013,21313183
8/3/2013,21465143
8/4/2013,21465143
8/5/2013,21465143
8/6/2013,21604855
8/7/2013,21604855
8/8/2013,21604855
8/9/2013,21774612
8/10/2013,21774612
8/11/2013,21774612
8/12/2013,21914116
8/13/2013,21914116
8/14/2013,21914116
8/15/2013,22069560
8/16/2013,22069560
8/17/2013,22069560
8/18/2013,22255423
8/19/2013,22255423
8/20/2013,22255423
8/21/2013,22446300
8/22/2013,22446300
8/23/2013,22446300
8/24/2013,22628700
8/25/2013,22628700
8/26/2013,22628700
8/27/2013,22781271
8/28/2013,22781271
8/29/2013,22781271
8/30/2013,22967152
8/31/2013,22967152
9/1/2013,22967152
9/2/2013,23123793
9/3/2013,23123793
9/4/2013,23123793
9/5/2013,23279924
9/6/2013,23279924
9/7/2013,23279924
9/8/2013,23453708
9/9/2013,23453708
9/10/2013,23453708
9/11/2013,23610978
9/12/2013,23610978
9/13/2013,23610978
9/14/2013,23757260
9/15/2013,23757260
9/16/2013,23757260
9/17/2013,23906651
9/18/2013,23906651
9/19/2013,23906651
9/20/2013,24094919
9/21/2013,24094919
9/22/2013,24094919
9/23/2013,24257204
9/24/2013,24257204
9/25/2013,24257204
9/26/2013,24440315
9/27/2013,24440315
9/28/2013,24440315
9/29/2013,24586988
9/30/2013,24586988
10/1/2013,24586988
10/2/2013,24732277
10/3/2013,24732277
10/4/2013,24732277
10/5/2013,24905523
10/6/2013,24905523
10/7/2013,24905523
10/8/2013,25038817
10/9/2013,25038817
10/10/2013,25038817
10/11/2013,25191430
10/12/2013,25191430
10/13/2013,25191430
10/14/2013,25343881
10/15/2013,25343881
10/16/2013,25343881
10/17/2013,25507804
10/18/2013,25507804
10/19/2013,25507804
10/20/2013,25669973
10/21/2013,25669973
10/22/2013,25669973
10/23/2013,25844793
10/24/2013,25844793
10/25/2013,25844793
10/26/2013,26020892
10/27/2013,26020892
10/28/2013,26020892
10/29/2013,26163601
10/30/2013,26163601
10/31/2013,26163601
11/1/2013,26320015
11/2/2013,26320015
11/3/2013,26440582
11/4/2013,26440582
11/5/2013,26440582
11/6/2013,26593539
11/7/2013,26593539
11/8/2013,26593539
11/9/2013,26767727
11/10/2013,26767727
11/11/2013,26767727
11/12/2013,26941000
11/13/2013,26941000
11/14/2013,26941000
11/15/2013,27136315
11/16/2013,27136315
11/17/2013,27136315
11/18/2013,27314947
11/19/2013,27314947
11/20/2013,27314947
11/21/2013,27556415
11/22/2013,27556415
11/23/2013,27556415
11/24/2013,27766172
11/25/2013,27766172
11/26/2013,27766172
11/27/2013,28016959
11/28/2013,28016959
11/29/2013,28016959
11/30/2013,28279868
12/1/2013,28279868
12/2/2013,28279868
12/3/2013,28507087
12/4/2013,28507087
12/5/2013,28507087
12/6/2013,28741955
12/7/2013,28741955
12/8/2013,28741955
12/9/2013,28920764
12/10/2013,28920764
12/11/2013,28920764
12/12/2013,29114019
12/13/2013,29114019
12/14/2013,29114019
12/15/2013,29280084
12/16/2013,29280084
12/17/2013,29280084
12/18/2013,29498725
12/19/2013,29498725
12/20/2013,29498725
12/21/2013,29690651
12/22/2013,29690651
12/23/2013,29690651
12/24/2013,29853500
12/25/2013,29853500
12/26/2013,29853500
12/27/2013,30013037
12/28/2013,30013037
12/29/2013,30013037
12/30/2013,30167590
12/31/2013,30167590
1/1/2014,30167590
1/2/2014,30313980
1/3/2014,30313980
1/4/2014,30313980
1/5/2014,30486098
1/6/2014,30486098
1/7/2014,30486098
1/8/2014,30677910
1/9/2014,30677910
1/10/2014,30677910
1/11/2014,30847437
1/12/2014,30847437
1/13/2014,30847437
1/14/2014,31008284
1/15/2014,31008284
1/16/2014,31008284
1/17/2014,31185351
1/18/2014,31185351
1/19/2014,31185351
1/20/2014,31348239
1/21/2014,31348239
1/22/2014,31348239
1/23/2014,31550122
1/24/2014,31550122
1/25/2014,31550122
1/26/2014,31723577
1/27/2014,31723577
1/28/2014,31723577
1/29/2014,31913041
1/30/2014,31913041
1/31/2014,31913041
2/1/2014,32089375
2/2/2014,32089375
2/3/2014,32089375
2/4/2014,32268683
2/5/2014,32268683
2/6/2014,32268683
2/7/2014,32477054
2/8/2014,32477054
2/9/2014,32477054
2/10/2014,32665337
2/11/2014,32665337
2/12/2014,32665337
2/13/2014,32862409
2/14/2014,32862409
2/15/2014,32862409
2/16/2014,33056768
2/17/2014,33056768
2/18/2014,33056768
2/19/2014,33253995
2/20/2014,33253995
2/21/2014,33253995
2/22/2014,33451837
2/23/2014,33451837
2/24/2014,33451837
2/25/2014,33666854
2/26/2014,33666854
2/27/2014,33666854
2/28/2014,33880663
3/1/2014,33880663
3/2/2014,33880663
3/3/2014,34082262
3/4/2014,34082262
3/5/2014,34082262
3/6/2014,34309391
3/7/2014,34309391
3/8/2014,34309391
3/9/2014,34309391
3/10/2014,34508559
3/11/2014,34508559
3/12/2014,34508559
3/13/2014,34732004
3/14/2014,34732004
3/15/2014,34732004
3/16/2014,34935902
3/17/2014,34935902
3/18/2014,34935902
3/19/2014,35116674
3/20/2014,35116674
3/21/2014,35116674
3/22/2014,35333620
3/23/2014,35333620
3/24/2014,35333620
3/25/2014,35528649
3/26/2014,35528649
3/27/2014,35528649
3/28/2014,35740352
3/29/2014,35740352
3/30/2014,35740352
3/31/2014,35916891
4/1/2014,35916891
4/2/2014,35916891
4/3/2014,36113750
4/4/2014,36113750
4/5/2014,36113750
4/6/2014,36301952
4/7/2014,36301952
4/8/2014,36301952
4/9/2014,36486104
4/10/2014,36486104
4/11/2014,36486104
4/12/2014,36684903
4/13/2014,36684903
4/14/2014,36684903
4/15/2014,36853958
4/16/2014,36853958
4/17/2014,36853958
4/18/2014,37060438
4/19/2014,37060438
4/20/2014,37060438
4/21/2014,37220092
4/22/2014,37220092
4/23/2014,37220092
4/24/2014,37431721
4/25/2014,37431721
4/26/2014,37431721
4/27/2014,37627735
4/28/2014,37627735
4/29/2014,37627735
4/30/2014,37809733
5/1/2014,37809733
5/2/2014,37809733
5/3/2014,37993792
5/4/2014,37993792
5/5/2014,37993792
5/6/2014,38167287
5/7/2014,38167287
5/8/2014,38167287
5/9/2014,38382829
5/10/2014,38382829
5/11/2014,38382829
5/12/2014,38558920
5/13/2014,38558920
5/14/2014,38558920
5/15/2014,38772059
5/16/2014,38772059
5/17/2014,38772059
5/18/2014,38965893
5/19/2014,38965893
5/20/2014,38965893
5/21/2014,39151200
5/22/2014,39151200
5/23/2014,39151200
5/24/2014,39366798
5/25/2014,39366798
5/26/2014,39366798
5/27/2014,39543531
5/28/2014,39543531
5/29/2014,39543531
5/30/2014,39749554
5/31/2014,39749554
6/1/2014,39749554
6/2/2014,39922562
6/3/2014,39922562
6/4/2014,39922562
6/5/2014,40122179
6/6/2014,40122179
6/7/2014,40122179
6/8/2014,40302605
6/9/2014,40302605
6/10/2014,40302605
6/11/2014,40473834
6/12/2014,40473834
6/13/2014,40473834
6/14/2014,40665742
6/15/2014,40665742
6/16/2014,40665742
6/17/2014,40842229
6/18/2014,40842229
6/19/2014,40842229
6/20/2014,41037924
6/21/2014,41037924
6/22/2014,41037924
6/23/2014,41197232
6/24/2014,41197232
6/25/2014,41197232
6/26/2014,41385984
6/27/2014,41385984
6/28/2014,41385984
6/29/2014,41565324
6/30/2014,41565324
7/1/2014,41565324
7/2/2014,41755083
7/3/2014,41755083
7/4/2014,41755083
7/5/2014,41943394
7/6/2014,41943394
7/7/2014,41943394
7/8/2014,42110403
7/9/2014,42110403
7/10/2014,42110403
7/11/2014,42312577
7/12/2014,42312577
7/13/2014,42312577
7/14/2014,42477556
7/15/2014,42477556
7/16/2014,42477556
7/17/2014,42678822
7/18/2014,42678822
7/19/2014,42678822
7/20/2014,42868496
7/21/2014,42868496
7/22/2014,42868496
7/23/2014,43051952
7/24/2014,43051952
7/25/2014,43051952
7/26/2014,43245910
7/27/2014,43245910
7/28/2014,43245910
7/29/2014,43419821
7/30/2014,43419821
7/31/2014,43419821
8/1/2014,43616939
8/2/2014,43616939
8/3/2014,43616939
8/4/2014,43793954
8/5/2014,43793954
8/6/2014,43793954
8/7/2014,44013960
8/8/2014,44013960
8/9/2014,44013960
8/10/2014,44213658
8/11/2014,44213658
8/12/2014,44213658
8/13/2014,44424023
8/14/2014,44424023
8/15/2014,44424023
8/16/2014,44652197
8/17/2014,44652197
8/18/2014,44652197
8/19/2014,44852620
8/20/2014,44852620
8/21/2014,44852620
8/22/2014,45074219
8/23/2014,45074219
8/24/2014,45074219
8/25/2014,45255873
8/26/2014,45255873
8/27/2014,45255873
8/28/2014,45472902
8/29/2014,45472902
8/30/2014,45472902
8/31/2014,45671222
9/1/2014,45671222
9/2/2014,45671222
9/3/2014,45871302
9/4/2014,45871302
9/5/2014,45871302
9/6/2014,46082880
9/7/2014,46082880
9/8/2014,46082880
9/9/2014,46282143
9/10/2014,46282143
9/11/2014,46282143
9/12/2014,46502127
9/13/2014,46502127
9/14/2014,46502127
9/15/2014,46698904
9/16/2014,46698904
9/17/2014,46698904
9/18/2014,46945196
9/19/2014,46945196
9/20/2014,46945196
9/21/2014,47156242
9/22/2014,47156242
9/23/2014,47156242
9/24/2014,47365583
9/25/2014,47365583
9/26/2014,47365583
9/27/2014,47592450
9/28/2014,47592450
9/29/2014,47592450
9/30/2014,47796417
10/1/2014,47796417
10/2/2014,47796417
10/3/2014,48024460
10/4/2014,48024460
10/5/2014,48024460
10/6/2014,48233900
10/7/2014,48233900
10/8/2014,48233900
10/9/2014,48470108
10/10/2014,48470108
10/11/2014,48470108
10/12/2014,48698567
10/13/2014,48698567
10/14/2014,48698567
10/15/2014,48922428
10/16/2014,48922428
10/17/2014,48922428
10/18/2014,49143757
10/19/2014,49143757
10/20/2014,49143757
10/21/2014,49356377
10/22/2014,49356377
10/23/2014,49356377
10/24/2014,49598618
10/25/2014,49598618
10/26/2014,49598618
10/27/2014,49820021
10/28/2014,49820021
10/29/2014,49820021
10/30/2014,50086419
10/31/2014,50086419
11/1/2014,50086419
11/2/2014,50333527
11/3/2014,50333527
11/4/2014,50590131
11/5/2014,50590131
11/6/2014,50590131
11/7/2014,50855747
11/8/2014,50855747
11/9/2014,50855747
11/10/2014,51091796
11/11/2014,51091796
11/12/2014,51091796
11/13/2014,51365099
11/14/2014,51365099
11/15/2014,51365099
11/16/2014,51600138
11/17/2014,51600138
11/18/2014,51600138
11/19/2014,51862128
11/20/2014,51862128
11/21/2014,51862128
11/22/2014,52107924
11/23/2014,52107924
11/24/2014,52107924
11/25/2014,52356355
11/26/2014,52356355
11/27/2014,52356355
11/28/2014,52612525
11/29/2014,52612525
11/30/2014,52612525
12/1/2014,52875294
12/2/2014,52875294
12/3/2014,52875294
12/4/2014,53171881
12/5/2014,53171881
12/6/2014,53171881
12/7/2014,53417501
12/8/2014,53417501
12/9/2014,53417501
12/10/2014,53688708
12/11/2014,53688708
12/12/2014,53688708
12/13/2014,53929359
12/14/2014,53929359
12/15/2014,53929359
12/16/2014,54205617
12/17/2014,54205617
12/18/2014,54205617
12/19/2014,54494163
12/20/2014,54494163
12/21/2014,54494163
12/22/2014,54757156
12/23/2014,54757156
12/24/2014,54757156
12/25/2014,55005775
12/26/2014,55005775
12/27/2014,55005775
12/28/2014,55233915
12/29/2014,55233915
12/30/2014,55233915
12/31/2014,55480094
1/1/2015,55480094
1/2/2015,55480094
1/3/2015,55702625
1/4/2015,55702625
1/5/2015,55702625
1/6/2015,55970450
1/7/2015,55970450
1/8/2015,55970450
1/9/2015,56269995
1/10/2015,56269995
1/11/2015,56269995
1/12/2015,56563545
1/13/2015,56563545
1/14/2015,56563545
1/15/2015,56892032
1/16/2015,56892032
1/17/2015,56892032
1/18/2015,57171499
1/19/2015,57171499
1/20/2015,57171499
1/21/2015,57464017
1/22/2015,57464017
1/23/2015,57464017
1/24/2015,57734051
1/25/2015,57734051
1/26/2015,57734051
1/27/2015,58027442
1/28/2015,58027442
1/29/2015,58027442
1/30/2015,58285575
1/31/2015,58285575
2/1/2015,58285575
2/2/2015,58536020
2/3/2015,58536020
2/4/2015,58536020
2/5/2015,58806421
2/6/2015,58806421
2/7/2015,58806421
2/8/2015,59059958
2/9/2015,59059958
2/10/2015,59059958
2/11/2015,59364866
2/12/2015,59364866
2/13/2015,59364866
2/14/2015,59665495
2/15/2015,59665495
2/16/2015,59665495
2/17/2015,59958714
2/18/2015,59958714
2/19/2015,59958714
2/20/2015,60255970
2/21/2015,60255970
2/22/2015,60255970
2/23/2015,60530333
2/24/2015,60530333
2/25/2015,60530333
2/26/2015,60842293
2/27/2015,60842293
2/28/2015,60842293
3/1/2015,61121472
3/2/2015,61121472
3/3/2015,61121472
3/4/2015,61437701
3/5/2015,61437701
3/6/2015,61437701
3/7/2015,61722528
3/8/2015,61722528
3/9/2015,61722528
3/10/2015,61722528
3/11/2015,62020863
3/12/2015,62020863
3/13/2015,62020863
3/14/2015,62314941
3/15/2015,62314941
3/16/2015,62314941
3/17/2015,62595971
3/18/2015,62595971
3/19/2015,62595971
3/20/2015,62899747
3/21/2015,62899747
3/22/2015,62899747
3/23/2015,63187603
3/24/2015,63187603
3/25/2015,63187603
3/26/2015,63483022
3/27/2015,63483022
3/28/2015,63483022
3/29/2015,63772495
3/30/2015,63772495
3/31/2015,63772495
4/1/2015,64083766
4/2/2015,64083766
4/3/2015,64083766
4/4/2015,64419165
4/5/2015,64419165
4/6/2015,64419165
4/7/2015,64711064
4/8/2015,64711064
4/9/2015,64711064
4/10/2015,65047907
4/11/2015,65047907
4/12/2015,65047907
4/13/2015,65346112
4/14/2015,65346112
4/15/2015,65346112
4/16/2015,65679956
4/17/2015,65679956
4/18/2015,65679956
4/19/2015,65979454
4/20/2015,65979454
4/21/2015,65979454
4/22/2015,66300266
4/23/2015,66300266
4/24/2015,66300266
4/25/2015,66629930
4/26/2015,66629930
4/27/2015,66629930
4/28/2015,66936306
4/29/2015,66936306
4/30/2015,66936306
5/1/2015,67279070
5/2/2015,67279070
5/3/2015,67279070
5/4/2015,67558370
5/5/2015,67558370
5/6/2015,67558370
5/7/2015,67888686
5/8/2015,67888686
5/9/2015,67888686
5/10/2015,68204740
5/11/2015,68204740
5/12/2015,68204740
5/13/2015,68514934
5/14/2015,68514934
5/15/2015,68514934
5/16/2015,68830804
5/17/2015,68830804
5/18/2015,68830804
5/19/2015,69107501
5/20/2015,69107501
5/21/2015,69107501
5/22/2015,69419900
5/23/2015,69419900
5/24/2015,69419900
5/25/2015,69702357
5/26/2015,69702357
5/27/2015,69702357
5/28/2015,70026430
5/29/2015,70026430
5/30/2015,70026430
5/31/2015,70389405
6/1/2015,70389405
6/2/2015,70389405
6/3/2015,70744605
6/4/2015,70744605
6/5/2015,70744605
6/6/2015,71100871
6/7/2015,71100871
6/8/2015,71100871
6/9/2015,71385150
6/10/2015,71385150
6/11/2015,71385150
6/12/2015,71759306
6/13/2015,71759306
6/14/2015,71759306
6/15/2015,72095118
6/16/2015,72095118
6/17/2015,72095118
6/18/2015,72477817
6/19/2015,72477817
6/20/2015,72477817
6/21/2015,72830395
6/22/2015,72830395
6/23/2015,72830395
6/24/2015,73172627
6/25/2015,73172627
6/26/2015,73172627
6/27/2015,73512526
6/28/2015,73512526
6/29/2015,73512526
6/30/2015,73842827
7/1/2015,73842827
7/2/2015,73842827
7/3/2015,74285013
7/4/2015,74285013
7/5/2015,74285013
7/6/2015,74633416
7/7/2015,74633416
7/8/2015,74633416
7/9/2015,75201084
7/10/2015,75201084
7/11/2015,75201084
7/12/2015,75771695
7/13/2015,75771695
7/14/2015,75771695
7/15/2015,76262779
7/16/2015,76262779
7/17/2015,76262779
7/18/2015,76608891
7/19/2015,76608891
7/20/2015,76608891
7/21/2015,76985755
7/22/2015,76985755
7/23/2015,76985755
7/24/2015,77359954
7/25/2015,77359954
7/26/2015,77359954
7/27/2015,77663204
7/28/2015,77663204
7/29/2015,77663204
7/30/2015,78039771
7/31/2015,78039771
8/1/2015,78039771
8/2/2015,78458889
8/3/2015,78458889
8/4/2015,78458889
8/5/2015,78814943
8/6/2015,78814943
8/7/2015,78814943
8/8/2015,79196706
8/9/2015,79196706
8/10/2015,79196706
8/11/2015,79502941
8/12/2015,79502941
8/13/2015,79502941
8/14/2015,79854271
8/15/2015,79854271
8/16/2015,79854271
8/17/2015,80149184
8/18/2015,80149184
8/19/2015,80149184
8/20/2015,80504991
8/21/2015,80504991
8/22/2015,80504991
8/23/2015,80842242
8/24/2015,80842242
8/25/2015,80842242
8/26/2015,81184230
8/27/2015,81184230
8/28/2015,81184230
8/29/2015,81546557
8/30/2015,81546557
8/31/2015,81546557
9/1/2015,81880434
9/2/2015,81880434
9/3/2015,81880434
9/4/2015,82289335
9/5/2015,82289335
9/6/2015,82289335
9/7/2015,82623956
9/8/2015,82623956
9/9/2015,82623956
9/10/2015,83001503
9/11/2015,83001503
9/12/2015,83001503
9/13/2015,83444582
9/14/2015,83444582
9/15/2015,83444582
9/16/2015,83919841
9/17/2015,83919841
9/18/2015,83919841
9/19/2015,84509023
9/20/2015,84509023
9/21/2015,84509023
9/22/2015,84864066
9/23/2015,84864066
9/24/2015,84864066
9/25/2015,85256220
9/26/2015,85256220
9/27/2015,85256220
9/28/2015,85608895
9/29/2015,85608895
9/30/2015,85608895
10/1/2015,86027709
10/2/2015,86027709
10/3/2015,86027709
10/4/2015,86421773
10/5/2015,86421773
10/6/2015,86421773
10/7/2015,86797103
10/8/2015,86797103
10/9/2015,86797103
10/10/2015,87186980
10/11/2015,87186980
10/12/2015,87186980
10/13/2015,87551339
10/14/2015,87551339
10/15/2015,87551339
10/16/2015,87982906
10/17/2015,87982906
10/18/2015,87982906
10/19/2015,88380005
10/20/2015,88380005
10/21/2015,88380005
10/22/2015,88820718
10/23/2015,88820718
10/24/2015,88820718
10/25/2015,89253096
10/26/2015,89253096
10/27/2015,89253096
10/28/2015,89654027
10/29/2015,89654027
10/30/2015,89654027
10/31/2015,90142549
11/1/2015,90142549
11/2/2015,90623097
11/3/2015,90623097
11/4/2015,90623097
11/5/2015,91195515
11/6/2015,91195515
11/7/2015,91195515
11/8/2015,91646798
11/9/2015,91646798
11/10/2015,91646798
11/11/2015,92128093
11/12/2015,92128093
11/13/2015,92128093
11/14/2015,92591602
11/15/2015,92591602
11/16/2015,92591602
11/17/2015,93048573
11/18/2015,93048573
11/19/2015,93048573
11/20/2015,93524134
11/21/2015,93524134
11/22/2015,93524134
11/23/2015,93949212
11/24/2015,93949212
11/25/2015,93949212
11/26/2015,94418793
11/27/2015,94418793
11/28/2015,94418793
11/29/2015,94875404
11/30/2015,94875404
12/1/2015,94875404
12/2/2015,95419748
12/3/2015,95419748
12/4/2015,95419748
12/5/2015,95944904
12/6/2015,95944904
12/7/2015,95944904
12/8/2015,96510342
12/9/2015,96510342
12/10/2015,96510342
12/11/2015,97153769
12/12/2015,97153769
12/13/2015,97153769
12/14/2015,97778984
12/15/2015,97778984
12/16/2015,97778984
12/17/2015,98441030
12/18/2015,98441030
12/19/2015,98441030
12/20/2015,99063485
12/21/2015,99063485
12/22/2015,99063485
12/23/2015,99735843
12/24/2015,99735843
12/25/2015,99735843
12/26/2015,100305034
12/27/2015,100305034
12/28/2015,100305034
12/29/2015,100823539
12/30/2015,100823539
12/31/2015,100823539
1/1/2016,101278339
1/2/2016,101278339
1/3/2016,101278339
1/4/2016,101752002
1/5/2016,101752002
1/6/2016,101752002
1/7/2016,102297161
1/8/2016,102297161
1/9/2016,102297161
1/10/2016,102819870
1/11/2016,102819870
1/12/2016,102819870
1/13/2016,103395326
1/14/2016,103395326
1/15/2016,103395326
1/16/2016,103952402
1/17/2016,103952402
1/18/2016,103952402
1/19/2016,104557079
1/20/2016,104557079
1/21/2016,104557079
1/22/2016,105202118
1/23/2016,105202118
1/24/2016,105202118
1/25/2016,105817323
1/26/2016,105817323
1/27/2016,105817323
1/28/2016,106502228
1/29/2016,106502228
1/30/2016,106502228
1/31/2016,107097081
2/1/2016,107097081
2/2/2016,107097081
2/3/2016,107752515
2/4/2016,107752515
2/5/2016,107752515
2/6/2016,108402806
2/7/2016,108402806
2/8/2016,108402806
2/9/2016,109072066
2/10/2016,109072066
2/11/2016,109072066
2/12/2016,109728733
2/13/2016,109728733
2/14/2016,109728733
2/15/2016,110322168
2/16/2016,110322168
2/17/2016,110322168
2/18/2016,110977656
2/19/2016,110977656
2/20/2016,110977656
2/21/2016,111618240
2/22/2016,111618240
2/23/2016,111618240
2/24/2016,112324526
2/25/2016,112324526
2/26/2016,112324526
2/27/2016,112927487
2/28/2016,112927487
2/29/2016,112927487
3/1/2016,113703426
3/2/2016,113703426
3/3/2016,113703426
3/4/2016,114402043
3/5/2016,114402043
3/6/2016,114402043
3/7/2016,114982938
3/8/2016,114982938
3/9/2016,114982938
3/10/2016,115560676
3/11/2016,115560676
3/12/2016,115560676
3/13/2016,115560676
3/14/2016,116067327
3/15/2016,116067327
3/16/2016,116067327
3/17/2016,116675024
3/18/2016,116675024
3/19/2016,116675024
3/20/2016,117267257
3/21/2016,117267257
3/22/2016,117267257
3/23/2016,117848968
3/24/2016,117848968
3/25/2016,117848968
3/26/2016,118398008
3/27/2016,118398008
3/28/2016,118398008
3/29/2016,118912333
3/30/2016,118912333
3/31/2016,118912333
4/1/2016,119519077
4/2/2016,119519077
4/3/2016,119519077
4/4/2016,120091897
4/5/2016,120091897
4/6/2016,120091897
4/7/2016,120735083
4/8/2016,120735083
4/9/2016,120735083
4/10/2016,121366578
4/11/2016,121366578
4/12/2016,121366578
4/13/2016,122022428
4/14/2016,122022428
4/15/2016,122022428
4/16/2016,122687563
4/17/2016,122687563
4/18/2016,122687563
4/19/2016,123281808
4/20/2016,123281808
4/21/2016,123281808
4/22/2016,123938446
4/23/2016,123938446
4/24/2016,123938446
4/25/2016,124517359
4/26/2016,124517359
4/27/2016,124517359
4/28/2016,125225958
4/29/2016,125225958
4/30/2016,125225958
5/1/2016,125951328
5/2/2016,125951328
5/3/2016,125951328
5/4/2016,126600030
5/5/2016,126600030
5/6/2016,126600030
5/7/2016,127297075
5/8/2016,127297075
5/9/2016,127297075
5/10/2016,127915571
5/11/2016,127915571
5/12/2016,127915571
5/13/2016,128624687
5/14/2016,128624687
5/15/2016,128624687
5/16/2016,129267248
5/17/2016,129267248
5/18/2016,129267248
5/19/2016,129981129
5/20/2016,129981129
5/21/2016,129981129
5/22/2016,130599207
5/23/2016,130599207
5/24/2016,130599207
5/25/2016,131255015
5/26/2016,131255015
5/27/2016,131255015
5/28/2016,131936652
5/29/2016,131936652
5/30/2016,131936652
5/31/2016,132520907
6/1/2016,132520907
6/2/2016,132520907
6/3/2016,133202151
6/4/2016,133202151
6/5/2016,133202151
6/6/2016,133821173
6/7/2016,133821173
6/8/2016,133821173
6/9/2016,134505441
6/10/2016,134505441
6/11/2016,134505441
6/12/2016,135182216
6/13/2016,135182216
6/14/2016,135182216
6/15/2016,135891947
6/16/2016,135891947
6/17/2016,135891947
6/18/2016,136671263
6/19/2016,136671263
6/20/2016,136671263
6/21/2016,137374266
6/22/2016,137374266
6/23/2016,137374266
6/24/2016,138099653
6/25/2016,138099653
6/26/2016,138099653
6/27/2016,138726232
6/28/2016,138726232
6/29/2016,138726232
6/30/2016,139380098
7/1/2016,139380098
7/2/2016,139380098
7/3/2016,140016445
7/4/2016,140016445
7/5/2016,140016445
7/6/2016,140623108
7/7/2016,140623108
7/8/2016,140623108
7/9/2016,141264418
7/10/2016,141264418
7/11/2016,141264418
7/12/2016,141830178
7/13/2016,141830178
7/14/2016,141830178
7/15/2016,142483779
7/16/2016,142483779
7/17/2016,142483779
7/18/2016,143052608
7/19/2016,143052608
7/20/2016,143052608
7/21/2016,143724729
7/22/2016,143724729
7/23/2016,143724729
7/24/2016,144358967
7/25/2016,144358967
7/26/2016,144358967
7/27/2016,145021110
7/28/2016,145021110
7/29/2016,145021110
7/30/2016,145723125
7/31/2016,145723125
8/1/2016,145723125
8/2/2016,146339823
8/3/2016,146339823
8/4/2016,146339823
8/5/2016,147064064
8/6/2016,147064064
8/7/2016,147064064
8/8/2016,147679693
8/9/2016,147679693
8/10/2016,147679693
8/11/2016,148392775
8/12/2016,148392775
8/13/2016,148392775
8/14/2016,149093943
8/15/2016,149093943
8/16/2016,149093943
8/17/2016,149751870
8/18/2016,149751870
8/19/2016,149751870
8/20/2016,150474869
8/21/2016,150474869
8/22/2016,150474869
8/23/2016,151096839
8/24/2016,151096839
8/25/2016,151096839
8/26/2016,151805017
8/27/2016,151805017
8/28/2016,151805017
8/29/2016,152397494
8/30/2016,152397494
8/31/2016,152397494
9/1/2016,153099551
9/2/2016,153099551
9/3/2016,153099551
9/4/2016,153745688
9/5/2016,153745688
9/6/2016,153745688
9/7/2016,154388853
9/8/2016,154388853
9/9/2016,154388853
9/10/2016,155087012
9/11/2016,155087012
9/12/2016,155087012
9/13/2016,155669828
9/14/2016,155669828
9/15/2016,155669828
9/16/2016,156372460
9/17/2016,156372460
9/18/2016,156372460
9/19/2016,156992678
9/20/2016,156992678
9/21/2016,156992678
9/22/2016,157699018
9/23/2016,157699018
9/24/2016,157699018
9/25/2016,158362171
9/26/2016,158362171
9/27/2016,158362171
9/28/2016,159030221
9/29/2016,159030221
9/30/2016,159030221
10/1/2016,159758444
10/2/2016,159758444
10/3/2016,159758444
10/4/2016,160424277
10/5/2016,160424277
10/6/2016,160424277
10/7/2016,161229748
10/8/2016,161229748
10/9/2016,161229748
10/10/2016,161955206
10/11/2016,161955206
10/12/2016,161955206
10/13/2016,162676795
10/14/2016,162676795
10/15/2016,162676795
10/16/2016,163356315
10/17/2016,163356315
10/18/2016,163356315
10/19/2016,164042780
10/20/2016,164042780
10/21/2016,164042780
10/22/2016,164778698
10/23/2016,164778698
10/24/2016,164778698
10/25/2016,165412637
10/26/2016,165412637
10/27/2016,165412637
10/28/2016,166201161
10/29/2016,166201161
10/30/2016,166201161
10/31/2016,166888161
11/1/2016,166888161
11/2/2016,166888161
11/3/2016,167646148
11/4/2016,167646148
11/5/2016,167646148
11/6/2016,168403477
11/7/2016,168403477
11/8/2016,169199935
11/9/2016,169199935
11/10/2016,169199935
11/11/2016,169996175
11/12/2016,169996175
11/13/2016,169996175
11/14/2016,170715430
11/15/2016,170715430
11/16/2016,170715430
11/17/2016,171562995
11/18/2016,171562995
11/19/2016,171562995
11/20/2016,172332907
11/21/2016,172332907
11/22/2016,172332907
11/23/2016,173179444
11/24/2016,173179444
11/25/2016,173179444
11/26/2016,174101890
11/27/2016,174101890
11/28/2016,174101890
11/29/2016,174927253
11/30/2016,174927253
12/1/2016,174927253
12/2/2016,175775608
12/3/2016,175775608
12/4/2016,175775608
12/5/2016,176586689
12/6/2016,176586689
12/7/2016,176586689
12/8/2016,177500532
12/9/2016,177500532
12/10/2016,177500532
12/11/2016,178248794
12/12/2016,178248794
12/13/2016,178248794
12/14/2016,179096782
12/15/2016,179096782
12/16/2016,179096782
12/17/2016,179896884
12/18/2016,179896884
12/19/2016,179896884
12/20/2016,180710924
12/21/2016,180710924
12/22/2016,180710924
12/23/2016,181654768
12/24/2016,181654768
12/25/2016,181654768
12/26/2016,182339551
12/27/2016,182339551
12/28/2016,182339551
12/29/2016,183245492
12/30/2016,183245492
12/31/2016,183245492
1/1/2017,183961799
1/2/2017,183961799
1/3/2017,183961799
1/4/2017,184884526
1/5/2017,184884526
1/6/2017,184884526
1/7/2017,185801925
1/8/2017,185801925
1/9/2017,185801925
1/10/2017,186655527
1/11/2017,186655527
1/12/2017,186655527
1/13/2017,187526244
1/14/2017,187526244
1/15/2017,187526244
1/16/2017,188272195
1/17/2017,188272195
1/18/2017,188272195
1/19/2017,189163243
1/20/2017,189163243
1/21/2017,189163243
1/22/2017,189960748
1/23/2017,189960748
1/24/2017,189960748
1/25/2017,190780358
1/26/2017,190780358
1/27/2017,190780358
1/28/2017,191602539
1/29/2017,191602539
1/30/2017,191602539
1/31/2017,192400284
2/1/2017,192400284
2/2/2017,192400284
2/3/2017,193333476
2/4/2017,193333476
2/5/2017,193333476
2/6/2017,194139731
2/7/2017,194139731
2/8/2017,194139731
2/9/2017,195120214
2/10/2017,195120214
2/11/2017,195120214
2/12/2017,195922554
2/13/2017,195922554
2/14/2017,195922554
2/15/2017,196820613
2/16/2017,196820613
2/17/2017,196820613
2/18/2017,197709937
2/19/2017,197709937
2/20/2017,197709937
2/21/2017,198524321
2/22/2017,198524321
2/23/2017,198524321
2/24/2017,199476388
2/25/2017,199476388
2/26/2017,199476388
2/27/2017,200351965
2/28/2017,200351965
3/1/2017,200351965
3/2/2017,201323192
3/3/2017,201323192
3/4/2017,201323192
3/5/2017,202206462
3/6/2017,202206462
3/7/2017,202206462
3/8/2017,203118308
3/9/2017,203118308
3/10/2017,203118308
3/11/2017,204012189
3/12/2017,204012189
3/13/2017,204012189
3/14/2017,204012189
3/15/2017,204816495
3/16/2017,204816495
3/17/2017,204816495
3/18/2017,205728274
3/19/2017,205728274
3/20/2017,205728274
3/21/2017,206538993
3/22/2017,206538993
3/23/2017,206538993
3/24/2017,207430961
3/25/2017,207430961
3/26/2017,207430961
3/27/2017,208183230
3/28/2017,208183230
3/29/2017,208183230
3/30/2017,208994833
3/31/2017,208994833
4/1/2017,208994833
4/2/2017,209799698
4/3/2017,209799698
4/4/2017,209799698
4/5/2017,210587743
4/6/2017,210587743
4/7/2017,210587743
4/8/2017,211489676
4/9/2017,211489676
4/10/2017,211489676
4/11/2017,212229346
4/12/2017,212229346
4/13/2017,212229346
4/14/2017,213043164
4/15/2017,213043164
4/16/2017,213043164
4/17/2017,213815471
4/18/2017,213815471
4/19/2017,213815471
4/20/2017,214675280
4/21/2017,214675280
4/22/2017,214675280
4/23/2017,215541445
4/24/2017,215541445
4/25/2017,215541445
4/26/2017,216334128
4/27/2017,216334128
4/28/2017,216334128
4/29/2017,217271715
4/30/2017,217271715
5/1/2017,217271715
5/2/2017,218189730
5/3/2017,218189730
5/4/2017,218189730
5/5/2017,219173768
5/6/2017,219173768
5/7/2017,219173768
5/8/2017,220119534
5/9/2017,220119534
5/10/2017,220119534
5/11/2017,221129068
5/12/2017,221129068
5/13/2017,221129068
5/14/2017,222070336
5/15/2017,222070336
5/16/2017,222070336
5/17/2017,223001274
5/18/2017,223001274
5/19/2017,223001274
5/20/2017,223927742
5/21/2017,223927742
5/22/2017,223927742
5/23/2017,224935714
5/24/2017,224935714
5/25/2017,224935714
5/26/2017,225991952
5/27/2017,225991952
5/28/2017,225991952
5/29/2017,226963902
5/30/2017,226963902
5/31/2017,226963902
6/1/2017,227956097
6/2/2017,227956097
6/3/2017,227956097
6/4/2017,228851515
6/5/2017,228851515
6/6/2017,228851515
6/7/2017,229706676
6/8/2017,229706676
6/9/2017,229706676
6/10/2017,230635247
6/11/2017,230635247
6/12/2017,230635247
6/13/2017,231382646
6/14/2017,231382646
6/15/2017,231382646
6/16/2017,232254968
6/17/2017,232254968
6/18/2017,232254968
6/19/2017,232970155
6/20/2017,232970155
6/21/2017,232970155
6/22/2017,233790059
6/23/2017,233790059
6/24/2017,233790059
6/25/2017,234545444
6/26/2017,234545444
6/27/2017,234545444
6/28/2017,235249343
6/29/2017,235249343
6/30/2017,235249343
7/1/2017,236026202
7/2/2017,236026202
7/3/2017,236026202
7/4/2017,236698108
7/5/2017,236698108
7/6/2017,236698108
7/7/2017,237416725
7/8/2017,237416725
7/9/2017,237416725
7/10/2017,238068407
7/11/2017,238068407
7/12/2017,238068407
7/13/2017,238843535
7/14/2017,238843535
7/15/2017,238843535
7/16/2017,239539194
7/17/2017,239539194
7/18/2017,239539194
7/19/2017,240233338
7/20/2017,240233338
7/21/2017,240233338
7/22/2017,240987019
7/23/2017,240987019
7/24/2017,240987019
7/25/2017,241630558
7/26/2017,241630558
7/27/2017,241630558
7/28/2017,242337725
7/29/2017,242337725
7/30/2017,242337725
7/31/2017,242981228
8/1/2017,242981228
8/2/2017,242981228
8/3/2017,243552842
8/4/2017,243552842
8/5/2017,243552842
8/6/2017,244240858
8/7/2017,244240858
8/8/2017,244240858
8/9/2017,244965312
8/10/2017,244965312
8/11/2017,244965312
8/12/2017,245767643
8/13/2017,245767643
8/14/2017,245767643
8/15/2017,246547545
8/16/2017,246547545
8/17/2017,246547545
8/18/2017,247480589
8/19/2017,247480589
8/20/2017,247480589
8/21/2017,248269707
8/22/2017,248269707
8/23/2017,248269707
8/24/2017,249019577
8/25/2017,249019577
8/26/2017,249019577
8/27/2017,249658217
8/28/2017,249658217
8/29/2017,249658217
8/30/2017,250423130
8/31/2017,250423130
9/1/2017,250423130
9/2/2017,251259380
9/3/2017,251259380
9/4/2017,251259380
9/5/2017,251961553
9/6/2017,251961553
9/7/2017,251961553
9/8/2017,252772597
9/9/2017,252772597
9/10/2017,252772597
9/11/2017,253462800
9/12/2017,253462800
9/13/2017,253462800
9/14/2017,254235242
9/15/2017,254235242
9/16/2017,254235242
9/17/2017,255023773
9/18/2017,255023773
9/19/2017,255023773
9/20/2017,255723565
9/21/2017,255723565
9/22/2017,255723565
9/23/2017,256441730
9/24/2017,256441730
9/25/2017,256441730
9/26/2017,257058048
9/27/2017,257058048
9/28/2017,257058048
9/29/2017,257855129
9/30/2017,257855129
10/1/2017,257855129
10/2/2017,258526322
10/3/2017,258526322
10/4/2017,258526322
10/5/2017,259335557
10/6/2017,259335557
10/7/2017,259335557
10/8/2017,260122493
10/9/2017,260122493
10/10/2017,260122493
10/11/2017,260962901
10/12/2017,260962901
10/13/2017,260962901
10/14/2017,261858188
10/15/2017,261858188
10/16/2017,261858188
10/17/2017,262749769
10/18/2017,262749769
10/19/2017,262749769
10/20/2017,263770410
10/21/2017,263770410
10/22/2017,263770410
10/23/2017,264683511
10/24/2017,264683511
10/25/2017,264683511
10/26/2017,265661480
10/27/2017,265661480
10/28/2017,265661480
10/29/2017,266383322
10/30/2017,266383322
10/31/2017,266383322
11/1/2017,267310740
11/2/2017,267310740
11/3/2017,267310740
11/4/2017,268281249
11/5/2017,268281249
11/6/2017,269098994
11/7/2017,269098994
11/8/2017,269098994
11/9/2017,270075705
11/10/2017,270075705
11/11/2017,270075705
11/12/2017,270728389
11/13/2017,270728389
11/14/2017,270728389
11/15/2017,271631544
11/16/2017,271631544
11/17/2017,271631544
11/18/2017,272519017
11/19/2017,272519017
11/20/2017,272519017
11/21/2017,273491904
11/22/2017,273491904
11/23/2017,273491904
11/24/2017,274461282
11/25/2017,274461282
11/26/2017,274461282
11/27/2017,275506669
11/28/2017,275506669
11/29/2017,275506669
11/30/2017,276655859
12/1/2017,276655859
12/2/2017,276655859
12/3/2017,277747090
12/4/2017,277747090
12/5/2017,277747090
12/6/2017,278997634
12/7/2017,278997634
12/8/2017,278997634
12/9/2017,280160964
12/10/2017,280160964
12/11/2017,280160964
12/12/2017,281243773
12/13/2017,281243773
12/14/2017,281243773
12/15/2017,282565792
12/16/2017,282565792
12/17/2017,282565792
12/18/2017,283715925
12/19/2017,283715925
12/20/2017,283715925
12/21/2017,284800994
12/22/2017,284800994
12/23/2017,284800994
12/24/2017,285768307
12/25/2017,285768307
12/26/2017,285768307
12/27/2017,286552442
12/28/2017,286552442
12/29/2017,286552442
12/30/2017,287555016
12/31/2017,287555016
1/1/2018,287555016
1/2/2018,288429056
1/3/2018,288429056
1/4/2018,288429056
1/5/2018,289592587
1/6/2018,289592587
1/7/2018,289592587
1/8/2018,290665709
1/9/2018,290665709
1/10/2018,290665709
1/11/2018,291709927
1/12/2018,291709927
1/13/2018,291709927
1/14/2018,292512025
1/15/2018,292512025
1/16/2018,292512025
1/17/2018,293404775
1/18/2018,293404775
1/19/2018,293404775
1/20/2018,294197236
1/21/2018,294197236
1/22/2018,294197236
1/23/2018,294929690
1/24/2018,294929690
1/25/2018,294929690
1/26/2018,295638481
1/27/2018,295638481
1/28/2018,295638481
1/29/2018,296275901
1/30/2018,296275901
1/31/2018,296275901
2/1/2018,296975108
2/2/2018,296975108
2/3/2018,296975108
2/4/2018,297579967
2/5/2018,297579967
2/6/2018,297579967
2/7/2018,298254822
2/8/2018,298254822
2/9/2018,298254822
2/10/2018,298786784
2/11/2018,298786784
2/12/2018,298786784
2/13/2018,299306169
2/14/2018,299306169
2/15/2018,299306169
2/16/2018,299887754
2/17/2018,299887754
2/18/2018,299887754
2/19/2018,300408842
2/20/2018,300408842
2/21/2018,300408842
2/22/2018,300995812
2/23/2018,300995812
2/24/2018,300995812
2/25/2018,301478395
2/26/2018,301478395
2/27/2018,301478395
2/28/2018,302074987
3/1/2018,302074987
3/2/2018,302074987
3/3/2018,302681040
3/4/2018,302681040
3/5/2018,302681040
3/6/2018,303249000
3/7/2018,303249000
3/8/2018,303249000
3/9/2018,303857516
3/10/2018,303857516
3/11/2018,303857516
3/12/2018,303857516
3/13/2018,304351957
3/14/2018,304351957
3/15/2018,304351957
3/16/2018,304944343
3/17/2018,304944343
3/18/2018,304944343
3/19/2018,305450795
3/20/2018,305450795
3/21/2018,305450795
3/22/2018,306033506
3/23/2018,306033506
3/24/2018,306033506
3/25/2018,306554674
3/26/2018,306554674
3/27/2018,306554674
3/28/2018,307065165
3/29/2018,307065165
3/30/2018,307065165
3/31/2018,307621826
4/1/2018,307621826
4/2/2018,307621826
4/3/2018,308073189
4/4/2018,308073189
4/5/2018,308073189
4/6/2018,308638681
4/7/2018,308638681
4/8/2018,308638681
4/9/2018,309105098
4/10/2018,309105098
4/11/2018,309105098
4/12/2018,309650967
4/13/2018,309650967
4/14/2018,309650967
4/15/2018,310243378
4/16/2018,310243378
4/17/2018,310243378
4/18/2018,310814757
4/19/2018,310814757
4/20/2018,310814757
4/21/2018,311436020
4/22/2018,311436020
4/23/2018,311436020
4/24/2018,312029818
4/25/2018,312029818
4/26/2018,312029818
4/27/2018,312713491
4/28/2018,312713491
4/29/2018,312713491
4/30/2018,313307396
5/1/2018,313307396
5/2/2018,313307396
5/3/2018,313935418
5/4/2018,313935418
5/5/2018,313935418
5/6/2018,314584099
5/7/2018,314584099
5/8/2018,314584099
5/9/2018,315180744
5/10/2018,315180744
5/11/2018,315180744
5/12/2018,315808884
5/13/2018,315808884
5/14/2018,315808884
5/15/2018,316358924
5/16/2018,316358924
5/17/2018,316358924
5/18/2018,316975560
5/19/2018,316975560
5/20/2018,316975560
5/21/2018,317519701
5/22/2018,317519701
5/23/2018,317519701
5/24/2018,318149806
5/25/2018,318149806
5/26/2018,318149806
5/27/2018,318709582
5/28/2018,318709582
5/29/2018,318709582
5/30/2018,319249712
5/31/2018,319249712
6/1/2018,319249712
6/2/2018,319866167
6/3/2018,319866167
6/4/2018,319866167
6/5/2018,320414251
6/6/2018,320414251
6/7/2018,320414251
6/8/2018,321042759
6/9/2018,321042759
6/10/2018,321042759
6/11/2018,321594104
6/12/2018,321594104
6/13/2018,321594104
6/14/2018,322234256
6/15/2018,322234256
6/16/2018,322234256
6/17/2018,322808285
6/18/2018,322808285
6/19/2018,322808285
6/20/2018,323340398
6/21/2018,323340398
6/22/2018,323340398
6/23/2018,323943746
6/24/2018,323943746
6/25/2018,323943746
6/26/2018,324463101
6/27/2018,324463101
6/28/2018,324463101
6/29/2018,325036995
6/30/2018,325036995
7/1/2018,325036995
7/2/2018,325569824
7/3/2018,325569824
7/4/2018,325569824
7/5/2018,326193849
7/6/2018,326193849
7/7/2018,326193849
7/8/2018,326763721
7/9/2018,326763721
7/10/2018,326763721
7/11/2018,327342411
7/12/2018,327342411
7/13/2018,327342411
7/14/2018,327956850
7/15/2018,327956850
7/16/2018,327956850
7/17/2018,328503258
7/18/2018,328503258
7/19/2018,328503258
7/20/2018,329199348
7/21/2018,329199348
7/22/2018,329199348
7/23/2018,329777040
7/24/2018,329777040
7/25/2018,329777040
7/26/2018,330516827
7/27/2018,330516827
7/28/2018,330516827
7/29/2018,331165608
7/30/2018,331165608
7/31/2018,331165608
8/1/2018,331809220
8/2/2018,331809220
8/3/2018,331809220
8/4/2018,332504613
8/5/2018,332504613
8/6/2018,332504613
8/7/2018,333087523
8/8/2018,333087523
8/9/2018,333087523
8/10/2018,333776670
8/11/2018,333776670
8/12/2018,333776670
8/13/2018,334361876
8/14/2018,334361876
8/15/2018,334361876
8/16/2018,335078184
8/17/2018,335078184
8/18/2018,335078184
8/19/2018,335734719
8/20/2018,335734719
8/21/2018,335734719
8/22/2018,336335154
8/23/2018,336335154
8/24/2018,336335154
8/25/2018,337002185
8/26/2018,337002185
8/27/2018,337002185
8/28/2018,337595312
8/29/2018,337595312
8/30/2018,337595312
8/31/2018,338302056
9/1/2018,338302056
9/2/2018,338302056
9/3/2018,338938147
9/4/2018,338938147
9/5/2018,338938147
9/6/2018,339640512
9/7/2018,339640512
9/8/2018,339640512
9/9/2018,340327940
9/10/2018,340327940
9/11/2018,340327940
9/12/2018,340976549
9/13/2018,340976549
9/14/2018,340976549
9/15/2018,341668733
9/16/2018,341668733
9/17/2018,341668733
9/18/2018,342298731
9/19/2018,342298731
9/20/2018,342298731
9/21/2018,343048853
9/22/2018,343048853
9/23/2018,343048853
9/24/2018,343748212
9/25/2018,343748212
9/26/2018,343748212
9/27/2018,344481298
9/28/2018,344481298
9/29/2018,344481298
9/30/2018,345202714
10/1/2018,345202714
10/2/2018,345202714
10/3/2018,345897079
10/4/2018,345897079
10/5/2018,345897079
10/6/2018,346626975
10/7/2018,346626975
10/8/2018,346626975
10/9/2018,347311050
10/10/2018,347311050
10/11/2018,347311050
10/12/2018,348053877
10/13/2018,348053877
10/14/2018,348053877
10/15/2018,348691915
10/16/2018,348691915
10/17/2018,348691915
10/18/2018,349478101
10/19/2018,349478101
10/20/2018,349478101
10/21/2018,350214208
10/22/2018,350214208
10/23/2018,350214208
10/24/2018,350934362
10/25/2018,350934362
10/26/2018,350934362
10/27/2018,351695700
10/28/2018,351695700
10/29/2018,351695700
10/30/2018,352418320
10/31/2018,352418320
11/1/2018,352418320
11/2/2018,353271482
11/3/2018,353271482
11/4/2018,354045146
11/5/2018,354045146
11/6/2018,354045146
11/7/2018,354917733
11/8/2018,354917733
11/9/2018,354917733
11/10/2018,355730743
11/11/2018,355730743
11/12/2018,355730743
11/13/2018,356555806
11/14/2018,356555806
11/15/2018,356555806
11/16/2018,357423738
11/17/2018,357423738
11/18/2018,357423738
11/19/2018,358195175
11/20/2018,358195175
11/21/2018,358195175
11/22/2018,359003417
11/23/2018,359003417
11/24/2018,359003417
11/25/2018,359769385
11/26/2018,359769385
11/27/2018,359769385
11/28/2018,360548754
11/29/2018,360548754
11/30/2018,360548754
12/1/2018,361286427
12/2/2018,361286427
12/3/2018,361286427
12/4/2018,362020227
12/5/2018,362020227
12/6/2018,362020227
12/7/2018,362811308
12/8/2018,362811308
12/9/2018,362811308
12/10/2018,363537909
12/11/2018,363537909
12/12/2018,363537909
12/13/2018,364319466
12/14/2018,364319466
12/15/2018,364319466
12/16/2018,365084181
12/17/2018,365084181
12/18/2018,365084181
12/19/2018,365952427
12/20/2018,365952427
12/21/2018,365952427
12/22/2018,366772667
12/23/2018,366772667
12/24/2018,366772667
12/25/2018,367559150
12/26/2018,367559150
12/27/2018,367559150
12/28/2018,368450145
12/29/2018,368450145
12/30/2018,368450145
12/31/2018,369240247
1/1/2019,369240247
1/2/2019,369240247
1/3/2019,370039173
1/4/2019,370039173
1/5/2019,370039173
1/6/2019,370844663
1/7/2019,370844663
1/8/2019,370844663
1/9/2019,371764711
1/10/2019,371764711
1/11/2019,371764711
1/12/2019,372685575
1/13/2019,372685575
1/14/2019,372685575
1/15/2019,373591457
1/16/2019,373591457
1/17/2019,373591457
1/18/2019,374498314
1/19/2019,374498314
1/20/2019,374498314
1/21/2019,375390878
1/22/2019,375390878
1/23/2019,375390878
1/24/2019,376287875
1/25/2019,376287875
1/26/2019,376287875
1/27/2019,377152636
1/28/2019,377152636
1/29/2019,377152636
1/30/2019,378109678
1/31/2019,378109678
2/1/2019,378109678
2/2/2019,379125892
2/3/2019,379125892
2/4/2019,379125892
2/5/2019,380114335
2/6/2019,380114335
2/7/2019,380114335
2/8/2019,381152017
2/9/2019,381152017
2/10/2019,381152017
2/11/2019,382076756
2/12/2019,382076756
2/13/2019,382076756
2/14/2019,383058777
2/15/2019,383058777
2/16/2019,383058777
2/17/2019,384014329
2/18/2019,384014329
2/19/2019,384014329
2/20/2019,385019779
2/21/2019,385019779
2/22/2019,385019779
2/23/2019,385996720
2/24/2019,385996720
2/25/2019,385996720
2/26/2019,387020618
2/27/2019,387020618
2/28/2019,387020618
3/1/2019,388088041
3/2/2019,388088041
3/3/2019,388088041
3/4/2019,389081411
3/5/2019,389081411
3/6/2019,389081411
3/7/2019,389926079
3/8/2019,389926079
3/9/2019,389926079
3/10/2019,389926079
3/11/2019,390665188
3/12/2019,390665188
3/13/2019,390665188
3/14/2019,391532118
3/15/2019,391532118
3/16/2019,391532118
3/17/2019,392390409
3/18/2019,392390409
3/19/2019,392390409
3/20/2019,393213190
3/21/2019,393213190
3/22/2019,393213190
3/23/2019,394117664
3/24/2019,394117664
3/25/2019,394117664
3/26/2019,394917292
3/27/2019,394917292
3/28/2019,394917292
3/29/2019,396060389
3/30/2019,396060389
3/31/2019,396060389
4/1/2019,397191600
4/2/2019,397191600
4/3/2019,397191600
4/4/2019,398322282
4/5/2019,398322282
4/6/2019,398322282
4/7/2019,399422126
4/8/2019,399422126
4/9/2019,399422126
4/10/2019,400491259
4/11/2019,400491259
4/12/2019,400491259
4/13/2019,401667494
4/14/2019,401667494
4/15/2019,401667494
4/16/2019,402751849
4/17/2019,402751849
4/18/2019,402751849
4/19/2019,403845132
4/20/2019,403845132
4/21/2019,403845132
4/22/2019,404918202
4/23/2019,404918202
4/24/2019,404918202
4/25/2019,405977267
4/26/2019,405977267
4/27/2019,405977267
4/28/2019,407102106
4/29/2019,407102106
4/30/2019,407102106
5/1/2019,408194316
5/2/2019,408194316
5/3/2019,408194316
5/4/2019,409467939
5/5/2019,409467939
5/6/2019,409467939
5/7/2019,410533718
5/8/2019,410533718
5/9/2019,410533718
5/10/2019,411619340
5/11/2019,411619340
5/12/2019,411619340
5/13/2019,412624734
5/14/2019,412624734
5/15/2019,412624734
5/16/2019,413750644
5/17/2019,413750644
5/18/2019,413750644
5/19/2019,414847973
5/20/2019,414847973
5/21/2019,414847973
5/22/2019,415958184
5/23/2019,415958184
5/24/2019,415958184
5/25/2019,417115354
5/26/2019,417115354
5/27/2019,417115354
5/28/2019,418228062
5/29/2019,418228062
5/30/2019,418228062
5/31/2019,419400188
6/1/2019,419400188
6/2/2019,419400188
6/3/2019,420332734
6/4/2019,420332734
6/5/2019,420332734
6/6/2019,421374564
6/7/2019,421374564
6/8/2019,421374564
6/9/2019,422381534
6/10/2019,422381534
6/11/2019,422381534
6/12/2019,423377718
6/13/2019,423377718
6/14/2019,423377718
6/15/2019,424435522
6/16/2019,424435522
6/17/2019,424435522
6/18/2019,425381442
6/19/2019,425381442
6/20/2019,425381442
6/21/2019,426507765
6/22/2019,426507765
6/23/2019,426507765
6/24/2019,427579844
6/25/2019,427579844
6/26/2019,427579844
6/27/2019,428729222
6/28/2019,428729222
6/29/2019,428729222
6/30/2019,429854710
7/1/2019,429854710
7/2/2019,429854710
7/3/2019,430894074
7/4/2019,430894074
7/5/2019,430894074
7/6/2019,432041973
7/7/2019,432041973
7/8/2019,432041973
7/9/2019,433083366
7/10/2019,433083366
7/11/2019,433083366
7/12/2019,434090079
7/13/2019,434090079
7/14/2019,434090079
7/15/2019,435059067
7/16/2019,435059067
7/17/2019,435059067
7/18/2019,436096727
7/19/2019,436096727
7/20/2019,436096727
7/21/2019,437033906
7/22/2019,437033906
7/23/2019,437033906
7/24/2019,437958818
7/25/2019,437958818
7/26/2019,437958818
7/27/2019,438910919
7/28/2019,438910919
7/29/2019,438910919
7/30/2019,439801073
7/31/2019,439801073
8/1/2019,439801073
8/2/2019,440825797
8/3/2019,440825797
8/4/2019,440825797
8/5/2019,441802055
8/6/2019,441802055
8/7/2019,441802055
8/8/2019,442880797
8/9/2019,442880797
8/10/2019,442880797
8/11/2019,443862827
8/12/2019,443862827
8/13/2019,443862827
8/14/2019,444803906
8/15/2019,444803906
8/16/2019,444803906
8/17/2019,445843302
8/18/2019,445843302
8/19/2019,445843302
8/20/2019,446738249
8/21/2019,446738249
8/22/2019,446738249
8/23/2019,447702294
8/24/2019,447702294
8/25/2019,447702294
8/26/2019,448636850
8/27/2019,448636850
8/28/2019,448636850
8/29/2019,449621620
8/30/2019,449621620
8/31/2019,449621620
9/1/2019,450660388
9/2/2019,450660388
9/3/2019,450660388
9/4/2019,451644190
9/5/2019,451644190
9/6/2019,451644190
9/7/2019,452685067
9/8/2019,452685067
9/9/2019,452685067
9/10/2019,453605463
9/11/2019,453605463
9/12/2019,453605463
9/13/2019,454620184
9/14/2019,454620184
9/15/2019,454620184
9/16/2019,455502894
9/17/2019,455502894
9/18/2019,455502894
9/19/2019,456557411
9/20/2019,456557411
9/21/2019,456557411
9/22/2019,457580421
9/23/2019,457580421
9/24/2019,457580421
9/25/2019,458540193
9/26/2019,458540193
9/27/2019,458540193
9/28/2019,459546722
9/29/2019,459546722
9/30/2019,459546722
10/1/2019,460459430
10/2/2019,460459430
10/3/2019,460459430
10/4/2019,461449958
10/5/2019,461449958
10/6/2019,461449958
10/7/2019,462388900
10/8/2019,462388900
10/9/2019,462388900
10/10/2019,463367125
10/11/2019,463367125
10/12/2019,463367125
10/13/2019,464359792
10/14/2019,464359792
10/15/2019,464359792
10/16/2019,465283607
10/17/2019,465283607
10/18/2019,465283607
10/19/2019,466295480
10/20/2019,466295480
10/21/2019,466295480
10/22/2019,467241350
10/23/2019,467241350
10/24/2019,467241350
10/25/2019,468235588
10/26/2019,468235588
10/27/2019,468235588
10/28/2019,469126404
10/29/2019,469126404
10/30/2019,469126404
10/31/2019,470055810
11/1/2019,470055810
11/2/2019,470055810
11/3/2019,470953049
11/4/2019,470953049
11/5/2019,471890825
11/6/2019,471890825
11/7/2019,471890825
11/8/2019,472841904
11/9/2019,472841904
11/10/2019,472841904
11/11/2019,473774076
11/12/2019,473774076
11/13/2019,473774076
11/14/2019,474744608
11/15/2019,474744608
11/16/2019,474744608
11/17/2019,475617345
11/18/2019,475617345
11/19/2019,475617345
11/20/2019,476570762
11/21/2019,476570762
11/22/2019,476570762
11/23/2019,477512144
11/24/2019,477512144
11/25/2019,477512144
11/26/2019,478379400
11/27/2019,478379400
11/28/2019,478379400
11/29/2019,479318299
11/30/2019,479318299
12/1/2019,479318299
12/2/2019,480184674
12/3/2019,480184674
12/4/2019,480184674
12/5/2019,481170589
12/6/2019,481170589
12/7/2019,481170589
12/8/2019,482048438
12/9/2019,482048438
12/10/2019,482048438
12/11/2019,482975074
12/12/2019,482975074
12/13/2019,482975074
12/14/2019,483903832
12/15/2019,483903832
12/16/2019,483903832
12/17/2019,484811929
12/18/2019,484811929
12/19/2019,484811929
12/20/2019,485778828
12/21/2019,485778828
12/22/2019,485778828
12/23/2019,486676926
12/24/2019,486676926
12/25/2019,486676926
12/26/2019,487507795
12/27/2019,487507795
12/28/2019,487507795
12/29/2019,488408114
12/30/2019,488408114
12/31/2019,488408114
1/1/2020,489274895
1/2/2020,489274895
1/3/2020,489274895
1/4/2020,490176938
1/5/2020,490176938
1/6/2020,490176938
1/7/2020,491108037
1/8/2020,491108037
1/9/2020,491108037
1/10/2020,492078809
1/11/2020,492078809
1/12/2020,492078809
1/13/2020,492962592
1/14/2020,492962592
1/15/2020,492962592
1/16/2020,493967843
1/17/2020,493967843
1/18/2020,493967843
1/19/2020,494863133
1/20/2020,494863133
1/21/2020,494863133
1/22/2020,495819165
1/23/2020,495819165
1/24/2020,495819165
1/25/2020,496750535
1/26/2020,496750535
1/27/2020,496750535
1/28/2020,497630786
1/29/2020,497630786
1/30/2020,497630786
1/31/2020,498638286
2/1/2020,498638286
2/2/2020,498638286
2/3/2020,499563560
2/4/2020,499563560
2/5/2020,499563560
2/6/2020,500557417
2/7/2020,500557417
2/8/2020,500557417
2/9/2020,501527013
2/10/2020,501527013
2/11/2020,501527013
2/12/2020,502535380
2/13/2020,502535380
2/14/2020,502535380
2/15/2020,503524815
2/16/2020,503524815
2/17/2020,503524815
2/18/2020,504488695
2/19/2020,504488695
2/20/2020,504488695
2/21/2020,505479288
2/22/2020,505479288
2/23/2020,505479288
2/24/2020,506397763
2/25/2020,506397763
2/26/2020,506397763
2/27/2020,507401128
2/28/2020,507401128
2/29/2020,507401128
3/1/2020,508387735
3/2/2020,508387735
3/3/2020,508387735
3/4/2020,509429241
3/5/2020,509429241
3/6/2020,509429241
3/7/2020,510432934
3/8/2020,510432934
3/9/2020,510432934
3/10/2020,510432934
3/11/2020,511412827
3/12/2020,511412827
3/13/2020,511412827
3/14/2020,512327013
3/15/2020,512327013
3/16/2020,512327013
3/17/2020,513100181
3/18/2020,513100181
3/19/2020,513100181
3/20/2020,513876174
3/21/2020,513876174
3/22/2020,513876174
3/23/2020,514615625
3/24/2020,514615625
3/25/2020,514615625
3/26/2020,515371224
3/27/2020,515371224
3/28/2020,515371224
3/29/2020,516180375
3/30/2020,516180375
3/31/2020,516180375
4/1/2020,516981158
4/2/2020,516981158
4/3/2020,516981158
4/4/2020,517840235
4/5/2020,517840235
4/6/2020,517840235
4/7/2020,518615989
4/8/2020,518615989
4/9/2020,518615989
4/10/2020,519501748
4/11/2020,519501748
4/12/2020,519501748
4/13/2020,520266220
4/14/2020,520266220
4/15/2020,520266220
4/16/2020,521163188
4/17/2020,521163188
4/18/2020,521163188
4/19/2020,522059431
4/20/2020,522059431
4/21/2020,522059431
4/22/2020,522934355
4/23/2020,522934355
4/24/2020,522934355
4/25/2020,523861501
4/26/2020,523861501
4/27/2020,523861501
4/28/2020,524705940
4/29/2020,524705940
4/30/2020,524705940
5/1/2020,525683053
5/2/2020,525683053
5/3/2020,525683053
5/4/2020,526591587
5/5/2020,526591587
5/6/2020,526591587
5/7/2020,527580368
5/8/2020,527580368
5/9/2020,527580368
5/10/2020,528558865
5/11/2020,528558865
5/12/2020,528558865
5/13/2020,529496689
5/14/2020,529496689
5/15/2020,529496689
5/16/2020,530372998
5/17/2020,530372998
5/18/2020,530372998
5/19/2020,531180506
5/20/2020,531180506
5/21/2020,531180506
5/22/2020,532032847
5/23/2020,532032847
5/24/2020,532032847
5/25/2020,532797092
5/26/2020,532797092
5/27/2020,532797092
5/28/2020,533650634
5/29/2020,533650634
5/30/2020,533650634
5/31/2020,534517836
6/1/2020,534517836
6/2/2020,534517836
6/3/2020,535388210
6/4/2020,535388210
6/5/2020,535388210
6/6/2020,536347920
6/7/2020,536347920
6/8/2020,536347920
6/9/2020,537201669
6/10/2020,537201669
6/11/2020,537201669
6/12/2020,538187853
6/13/2020,538187853
6/14/2020,538187853
6/15/2020,539060238
6/16/2020,539060238
6/17/2020,539060238
6/18/2020,540030541
6/19/2020,540030541
6/20/2020,540030541
6/21/2020,540942076
6/22/2020,540942076
6/23/2020,540942076
6/24/2020,541857621
6/25/2020,541857621
6/26/2020,541857621
6/27/2020,542812617
6/28/2020,542812617
6/29/2020,542812617
6/30/2020,543668636
7/1/2020,543668636
7/2/2020,543668636
7/3/2020,544690320
7/4/2020,544690320
7/5/2020,544690320
7/6/2020,545584401
7/7/2020,545584401
7/8/2020,545584401
7/9/2020,546617219
7/10/2020,546617219
7/11/2020,546617219
7/12/2020,547632915
7/13/2020,547632915
7/14/2020,547632915
7/15/2020,548583955
7/16/2020,548583955
7/17/2020,548583955
7/18/2020,549540245
7/19/2020,549540245
7/20/2020,549540245
7/21/2020,550438348
7/22/2020,550438348
7/23/2020,550438348
7/24/2020,551451827
7/25/2020,551451827
7/26/2020,551451827
7/27/2020,552413875
7/28/2020,552413875
7/29/2020,552413875
7/30/2020,553442577
7/31/2020,553442577
8/1/2020,553442577
8/2/2020,554422556
8/3/2020,554422556
8/4/2020,554422556
8/5/2020,555373330
8/6/2020,555373330
8/7/2020,555373330
8/8/2020,556348629
8/9/2020,556348629
8/10/2020,556348629
8/11/2020,557209574
8/12/2020,557209574
8/13/2020,557209574
8/14/2020,558230773
8/15/2020,558230773
8/16/2020,558230773
8/17/2020,559196165
8/18/2020,559196165
8/19/2020,559196165
8/20/2020,560169336
8/21/2020,560169336
8/22/2020,560169336
8/23/2020,561127786
8/24/2020,561127786
8/25/2020,561127786
8/26/2020,562049916
8/27/2020,562049916
8/28/2020,562049916
8/29/2020,563055351
8/30/2020,563055351
8/31/2020,563055351
9/1/2020,563920688
9/2/2020,563920688
9/3/2020,563920688
9/4/2020,564925454
9/5/2020,564925454
9/6/2020,564925454
9/7/2020,565811414
9/8/2020,565811414
9/9/2020,565811414
9/10/2020,566786901
9/11/2020,566786901
9/12/2020,566786901
9/13/2020,567741366
9/14/2020,567741366
9/15/2020,567741366
9/16/2020,568683964
9/17/2020,568683964
9/18/2020,568683964
9/19/2020,569700045
9/20/2020,569700045
9/21/2020,569700045
9/22/2020,570552657
9/23/2020,570552657
9/24/2020,570552657
9/25/2020,571532636
9/26/2020,571532636
9/27/2020,571532636
9/28/2020,572421210
9/29/2020,572421210
9/30/2020,572421210
10/1/2020,573414811
10/2/2020,573414811
10/3/2020,573414811
10/4/2020,574346133
10/5/2020,574346133
10/6/2020,574346133
10/7/2020,575227641
10/8/2020,575227641
10/9/2020,575227641
10/10/2020,576267005
10/11/2020,576267005
10/12/2020,576267005
10/13/2020,577136548
10/14/2020,577136548
10/15/2020,577136548
10/16/2020,578125832
10/17/2020,578125832
10/18/2020,578125832
10/19/2020,578956984
10/20/2020,578956984
10/21/2020,578956984
10/22/2020,579902150
10/23/2020,579902150
10/24/2020,579902150
10/25/2020,580871863
10/26/2020,580871863
10/27/2020,580871863
10/28/2020,581618610
10/29/2020,581618610
10/30/2020,581618610
10/31/2020,582424486
11/1/2020,582424486
11/2/2020,583201079
11/3/2020,583201079
11/4/2020,583201079
11/5/2020,584172804
11/6/2020,584172804
11/7/2020,584172804
11/8/2020,585026483
11/9/2020,585026483
11/10/2020,585026483
11/11/2020,585977687
11/12/2020,585977687
11/13/2020,585977687
11/14/2020,586876471
11/15/2020,586876471
11/16/2020,586876471
11/17/2020,587788639
11/18/2020,587788639
11/19/2020,587788639
11/20/2020,588809079
11/21/2020,588809079
11/22/2020,588809079
11/23/2020,589690344
11/24/2020,589690344
11/25/2020,589690344
11/26/2020,590709538
11/27/2020,590709538
11/28/2020,590709538
11/29/2020,591587779
11/30/2020,591587779
12/1/2020,591587779
12/2/2020,592551402
12/3/2020,592551402
12/4/2020,592551402
12/5/2020,593499022
12/6/2020,593499022
12/7/2020,593499022
12/8/2020,594389579
12/9/2020,594389579
12/10/2020,594389579
12/11/2020,595329667
12/12/2020,595329667
12/13/2020,595329667
12/14/2020,596214244
12/15/2020,596214244
12/16/2020,596214244
12/17/2020,597160565
12/18/2020,597160565
12/19/2020,597160565
12/20/2020,598161238
12/21/2020,598161238
12/22/2020,598161238
12/23/2020,599094619
12/24/2020,599094619
12/25/2020,599094619
12/26/2020,599940609
12/27/2020,599940609
12/28/2020,599940609
12/29/2020,600894553
12/30/2020,600894553
12/31/2020,600894553
1/1/2021,601835959
1/2/2021,601835959
1/3/2021,601835959
1/4/2021,602865747
1/5/2021,602865747
1/6/2021,602865747
1/7/2021,604020433
1/8/2021,604020433
1/9/2021,604020433
1/10/2021,605031340
1/11/2021,605031340
1/12/2021,605031340
1/13/2021,606020714
1/14/2021,606020714
1/15/2021,606020714
1/16/2021,607012869
1/17/2021,607012869
1/18/2021,607012869
1/19/2021,607923111
1/20/2021,607923111
1/21/2021,607923111
1/22/2021,608856456
1/23/2021,608856456
1/24/2021,608856456
1/25/2021,609724325
1/26/2021,609724325
1/27/2021,609724325
1/28/2021,610710114
1/29/2021,610710114
1/30/2021,610710114
1/31/2021,611653129
2/1/2021,611653129
2/2/2021,611653129
2/3/2021,612644488
2/4/2021,612644488
2/5/2021,612644488
2/6/2021,613705044
2/7/2021,613705044
2/8/2021,613705044
2/9/2021,614687413
2/10/2021,614687413
2/11/2021,614687413
2/12/2021,615675745
2/13/2021,615675745
2/14/2021,615675745
2/15/2021,616620556
2/16/2021,616620556
2/17/2021,616620556
2/18/2021,617551258
2/19/2021,617551258
2/20/2021,617551258
2/21/2021,618485717
2/22/2021,618485717
2/23/2021,618485717
2/24/2021,619414646
2/25/2021,619414646
2/26/2021,619414646
2/27/2021,620368643
2/28/2021,620368643
3/1/2021,620368643
3/2/2021,621240675
3/3/2021,621240675
3/4/2021,621240675
3/5/2021,622182529
3/6/2021,622182529
3/7/2021,622182529
3/8/2021,623022802
3/9/2021,623022802
3/10/2021,623022802
3/11/2021,623960306
3/12/2021,623960306
3/13/2021,623960306
3/14/2021,623960306
3/15/2021,624864230
3/16/2021,624864230
3/17/2021,624864230
3/18/2021,625772533
3/19/2021,625772533
3/20/2021,625772533
3/21/2021,626706606
3/22/2021,626706606
3/23/2021,626706606
3/24/2021,627555594
3/25/2021,627555594
3/26/2021,627555594
3/27/2021,628471132
3/28/2021,628471132
3/29/2021,628471132
3/30/2021,629311017
3/31/2021,629311017
4/1/2021,629311017
4/2/2021,630277292
4/3/2021,630277292
4/4/2021,630277292
4/5/2021,631110144
4/6/2021,631110144
4/7/2021,631110144
4/8/2021,632029917
4/9/2021,632029917
4/10/2021,632029917
4/11/2021,632932905
4/12/2021,632932905
4/13/2021,632932905
4/14/2021,633789073
4/15/2021,633789073
4/16/2021,633789073
4/17/2021,634665253
4/18/2021,634665253
4/19/2021,634665253
4/20/2021,635342343
4/21/2021,635342343
